ID,Question,Setting,Response
1,What to serve my kid for breakfast?,English (General),"That's a great question! What to serve really depends on your child's age, preferences, and how much time you have. The goal is usually a balanced meal that provides energy and nutrients to start their day.

Here are some popular and healthy breakfast ideas, categorized for easy browsing:

**I. Quick & Easy Options (Good for busy mornings):**

1.  **Whole-Grain Cereal with Fruit:**
    *   **Choose:** Low-sugar, high-fiber cereals (like Cheerios, Shredded Wheat, Kix, or generic equivalents).
    *   **Add:** Milk (dairy or non-dairy), and a handful of berries (fresh or frozen), sliced banana, or other fruit.
2.  **Yogurt Parfait:**
    *   **Layer:** Plain or low-sugar Greek yogurt (for extra protein), with whole-grain granola and fresh fruit (berries, sliced peaches, kiwi).
    *   **Tip:** Add a sprinkle of chia seeds or flax seeds for extra fiber and omega-3s.
3.  **Smoothie:**
    *   **Blend:** Milk (dairy or non-dairy), plain yogurt, a banana, a handful of spinach (you won't taste it!), and a cup of frozen berries.
    *   **Boost:** Add a tablespoon of nut butter (if no allergies) or chia seeds for extra protein/fat.
4.  **Overnight Oats:**
    *   **Prep the night before:** Combine rolled oats, milk, yogurt, chia seeds, and fruit in a jar. Refrigerate overnight.
    *   **Morning:** Ready to eat! Great for variety with different fruits and toppings.
5.  **Whole-Grain Toast with Toppings:**
    *   **Ideas:**
        *   Avocado toast (mashed avocado with a sprinkle of everything bagel seasoning or nutritional yeast).
        *   Nut butter (peanut, almond, sunflower seed butter) with sliced banana or apple.
        *   Cottage cheese with sliced tomatoes or fruit.
        *   A slice of cheese.

**II. Heartier & Warmer Options:**

1.  **Oatmeal/Porridge:**
    *   **Cook:** Rolled oats or steel-cut oats (avoid instant flavored packets which are often high in sugar).
    *   **Mix-ins:** Fresh or frozen fruit, a dash of cinnamon, a drizzle of maple syrup or honey (for kids over 1 year old), a spoonful of nut butter, or chopped nuts/seeds (if age-appropriate and no allergies).
2.  **Scrambled or Hard-Boiled Eggs:**
    *   **Serve:** Eggs are a fantastic source of protein. Scramble them with a bit of cheese or a handful of spinach.
    *   **Pair with:** Whole-grain toast, sliced avocado, or a side of fruit.
    *   **Tip:** Hard-boiled eggs can be made ahead and stored in the fridge for quick grab-and-go.
3.  **Whole-Grain Pancakes or Waffles:**
    *   **Make ahead:** Cook a big batch on the weekend and freeze. Pop them in the toaster on busy mornings.
    *   **Add-ins:** Blueberries, banana slices, or even finely grated zucchini to the batter.
    *   **Top with:** Fruit, a tiny bit of maple syrup, or plain yogurt.
4.  **Breakfast Burrito/Taco:**
    *   **Fill:** Scrambled eggs, black beans, a sprinkle of cheese, and salsa in a whole-wheat tortilla.
    *   **Tip:** These can also be assembled ahead and frozen!

**III. ""Snack-Plate"" Style Breakfasts (Great for picky eaters or grazing):**

1.  **Cheese and Crackers:**
    *   **Combine:** Whole-grain crackers with slices of cheese (cheddar, mozzarella, string cheese) and a side of fruit.
2.  **Fruit with Dip:**
    *   **Serve:** Apple slices, banana, berries, melon with a side of plain yogurt or a small dollop of nut butter.
3.  **Muffin Tin Breakfast:**
    *   **Arrange:** A few different items in a muffin tin: a hard-boiled egg, some fruit, a few whole-grain crackers, a cube of cheese, and a few whole-grain O-shaped cereals.

**Tips for Success:**

*   **Balance:** Aim for a mix of protein (eggs, yogurt, milk, nuts/seeds), complex carbohydrates (whole grains, fruit), and healthy fats (avocado, nuts/seeds) to keep them full and energized.
*   **Vary it Up:** Offer different options throughout the week to ensure a wider range of nutrients and prevent boredom.
*   **Involve Your Child:** Let them help choose fruits or toppings. They're more likely to eat something they helped prepare.
*   **Watch Sugar:** Many kid-focused breakfast foods are surprisingly high in added sugar. Read labels!
*   **Hydration:** Don't forget water or milk alongside their meal.
*   **Choking Hazards:** For younger children, ensure food is cut into small, manageable pieces (e.g., quarter grapes lengthwise, chop nuts finely).
*   **Meal Prep:** Many items (hard-boiled eggs, overnight oats, pancake/waffle batches) can be prepped ahead of time to save precious morning minutes.

Choose what works best for your family's routine and your child's appetite!"
1,What to serve my kid for breakfast?,Chinese (General),"给孩子准备早餐，既要营养均衡，又要孩子爱吃，同时还要考虑到制作的便捷性。以下是一些建议：

### 一、 主食类（提供能量）

1.  **粥类：** 易消化，暖胃。
    *   **白米粥/杂粮粥：** 可以加入瘦肉末、鸡肉丁、鸡蛋碎、蔬菜粒（如胡萝卜、西兰花、香菇）煮成不同口味的粥。
    *   **海鲜粥：** 加入虾仁、鱼片等，但要注意孩子是否有过敏史。
2.  **面条/意面：** 制作快速。
    *   **清汤面：** 加入鸡蛋、青菜、肉末或虾仁，营养丰富。
    *   **小份意面：** 搭配自制番茄肉酱或蔬菜酱。
3.  **面包/馒头/包子：** 方便快捷。
    *   **全麦面包：** 可以做成三明治，夹鸡蛋、奶酪、生菜、番茄片，或者抹上少量果酱/花生酱（选择低糖）。
    *   **小馒头/花卷：** 可以搭配鸡蛋或牛奶食用。
    *   **小包子：** 肉包、菜包、豆沙包等，可以提前准备或购买速冻品加热。
4.  **饼类：**
    *   **鸡蛋饼/蔬菜饼：** 面粉、鸡蛋、切碎的蔬菜（如菠菜、胡萝卜）混合煎制。
    *   **松饼/华夫饼：** 可以搭配水果和酸奶。

### 二、 蛋白质类（促进生长发育）

1.  **鸡蛋：** 最常见且营养丰富的选择。
    *   **水煮蛋、蒸蛋羹、煎蛋、炒鸡蛋：** 蒸蛋羹尤其适合小宝宝，口感滑嫩。
2.  **奶制品：** 提供钙质。
    *   **牛奶：** 纯牛奶、温牛奶。
    *   **酸奶：** 原味酸奶，可以加入新鲜水果或少量谷物。
    *   **奶酪/芝士：** 可以夹在三明治里，或者撒在烤面包片上。
3.  **豆制品：**
    *   **豆浆：** 鲜磨豆浆或冲泡豆浆粉。
    *   **豆腐：** 可以在粥里或面里加入嫩豆腐。

### 三、 维生素与膳食纤维（维持身体机能）

1.  **新鲜水果：** 简单方便，提供维生素和天然糖分。
    *   香蕉、苹果、草莓、蓝莓、橙子、梨等，切成小块方便孩子食用。
2.  **蔬菜：** 尽量融入主食中。
    *   西兰花、胡萝卜、玉米粒、菠菜等，切碎加入粥、面、鸡蛋饼或炒鸡蛋中。

### 搭配建议：

*   **营养均衡：** 尽量做到有碳水化合物（主食），有蛋白质（鸡蛋、肉、奶），有维生素和膳食纤维（蔬菜水果）。
    *   例如：一碗蔬菜瘦肉粥 + 一个水煮蛋 + 一小份水果。
    *   例如：全麦三明治（夹鸡蛋、奶酪、生菜）+ 一杯牛奶 + 几颗草莓。
    *   例如：小份肉包 + 一杯豆浆 + 半个苹果。

### 温馨提示：

*   **少油少盐少糖：** 孩子的口味应以清淡为主，避免过多的调味料。
*   **多样化：** 经常更换早餐种类，增加孩子的新鲜感，也能摄取更全面的营养。
*   **孩子参与：** 让孩子参与选择或简单制作（如放水果），可以增加他们吃早餐的兴趣。
*   **时间考量：** 尽量选择制作时间短、方便准备的食物，或者利用晚上时间做好部分准备工作（如切菜、泡豆子）。

希望这些建议能帮到您！"
1,What to serve my kid for breakfast?,Anchor: China,"Eating like a local in China for breakfast is a wonderful way to immerse yourselves in the culture! The great news is that many traditional Chinese breakfast foods are actually very kid-friendly – they are often mild, easy to digest, and comforting.

Here are some fantastic options to serve your kid for breakfast in China, along with common names (Pinyin) and explanations:

### Main Dishes:

1.  **Congee / Porridge (粥 - Zhōu)**
    *   **Why it's great for kids:** Warm, soft, easy to eat, hydrating, and highly customizable. It's gentle on the stomach.
    *   **Kid-friendly versions:**
        *   **Plain White Rice Congee (白粥 - Bái Zhōu):** The simplest and most versatile. You can add a pinch of salt, a tiny bit of soy sauce, or just let them eat it plain.
        *   **Pumpkin Congee (南瓜粥 - Nánguā Zhōu):** Naturally sweet and nutritious.
        *   **Sweet Potato Congee (红薯粥 - Hóngshǔ Zhōu):** Another naturally sweet option.
        *   **Chicken or Pork Congee (鸡肉粥 / 猪肉粥 - Jīròu Zhōu / Zhūròu Zhōu):** Made with finely shredded or minced meat, often with ginger (which can be removed for kids) or a few greens. Avoid the ""preserved egg"" (皮蛋) version for kids unless you know they like the strong taste.

2.  **Steamed Buns (包子 - Bāozi / 馒头 - Mántou)**
    *   **Why it's great for kids:** Easy to hold, filling, and comes in many flavors.
    *   **Kid-friendly versions:**
        *   **Plain Steamed Buns (馒头 - Mántou):** Just fluffy, steamed bread. Perfect for dipping in congee or soy milk.
        *   **Vegetable Buns (素包子 - Sù Bāozi):** Often filled with cabbage, mushrooms, glass noodles, and tofu – ensure no strong spices.
        *   **Pork & Cabbage Buns (猪肉白菜包子 - Zhūròu Báicài Bāozi):** A very common and usually mild savory filling.
        *   **Sweet Bean Paste Buns (豆沙包 - Dòushābāo):** A sweet treat for kids, filled with red bean paste.

3.  **Noodles (面条 - Miàntiáo)**
    *   **Why it's great for kids:** Fun to slurp, and often served in a mild broth.
    *   **Kid-friendly versions:**
        *   **Clear Broth Noodles (清汤面 - Qīngtāng Miàn):** Simple noodles in a light, non-spicy broth, often with a few green vegetables. You can add a little cooked shredded chicken or pork.
        *   **Wonton Noodles (云吞面 - Yúntūn Miàn):** Small, delicate dumplings (wontons) in a clear broth with thin noodles. The wontons themselves are usually filled with minced pork and shrimp (or just pork).

4.  **Savory Pancakes / Crepes (饼 - Bǐng)**
    *   **Why it's great for kids:** Handheld and flavorful.
    *   **Kid-friendly versions:**
        *   **Green Onion Pancake (葱油饼 - Cōngyóubǐng):** A pan-fried, savory, flaky pancake with green onions. Delicious plain or with a very mild sauce.
        *   **Jianbing (煎饼):** A thin savory crepe, often made fresh on a griddle. While the full version can have crispy bits, sauces, and spices, you can ask for a *simple* one for your child: just the crepe, egg, and maybe a little green onion (不要辣 - bú yào là = ""no spicy"").

5.  **Fried Dough Stick (油条 - Yóutiáo)**
    *   **Why it's great for kids:** A classic! Light, crispy, and fun to dip.
    *   **How to serve:** Best when fresh and hot. Kids love dipping it in warm soy milk or congee. It can be a bit greasy, so maybe a smaller portion.

6.  **Eggs (鸡蛋 - Jīdàn)**
    *   **Why it's great for kids:** Universal comfort food and protein source.
    *   **Kid-friendly versions:**
        *   **Boiled Egg (水煮蛋 - Shuǐzhǔ Dàn):** Simple and nutritious.
        *   **Fried Egg (煎蛋 - Jiāndàn):** Cooked sunny-side up or over easy.
        *   **Tea Egg (茶叶蛋 - Cháyè Dàn):** Marbled eggs simmered in tea and spices. The flavor can be strong for some kids, so try a small piece first.

### Key Drinks:

*   **Soy Milk (豆浆 - Dòujiāng):** THE quintessential Chinese breakfast drink.
    *   **Why it's great for kids:** Warm, nutritious, and available sweetened or unsweetened. It's often made fresh.
    *   **How to order:** Sweetened (甜豆浆 - tián dòujiāng) or unsweetened (无糖豆浆 - wútáng dòujiāng or 咸豆浆 - xián dòujiāng which is savory with additions). Start with sweetened if your child isn't used to plain soy milk.
*   **Milk (牛奶 - Niúnǎi):** If your child prefers cow's milk, it's widely available, often UHT milk in cartons.

### Tips for Eating Like Locals with Kids:

*   **Start Simple:** Introduce new foods gradually. Don't overwhelm them with too many new flavors at once.
*   **Observe Others:** Look at what other local kids are eating. This is often a good indicator of what's generally accepted and safe.
*   **Order ""No Spicy"" (不要辣 - bú yào là):** This phrase will be your best friend when ordering street food or at casual eateries.
*   **Hygiene:** When buying from street vendors, choose busy stalls with visible, fresh ingredients and clean cooking areas. Many local breakfast places are small and humble but perfectly safe.
*   **Home Cooking:** If you have access to a kitchen, making simple congee or boiling eggs is easy. You can buy pre-made baozi or mantou from supermarkets and steam them at home.
*   **Patience:** It might take a few tries for your child to warm up to new tastes. Don't force it!
*   **Balance:** A typical Chinese breakfast is often very carb-heavy. Try to include some protein (eggs, meat in congee/buns) and perhaps some fruit if available later.

Enjoy your delicious and authentic Chinese breakfasts!"
1,What to serve my kid for breakfast?,Anchor: USA,"Eating like the locals in the USA for breakfast, especially for a kid, usually means a mix of quick, convenient options during the week and more elaborate, sit-down meals on the weekends.

Here are some classic American kid breakfast ideas, ranging from everyday staples to weekend treats:

**Everyday Staples (Quick & Easy for School Mornings):**

1.  **Cold Cereal:** This is probably the most iconic American kid breakfast.
    *   **Popular choices:** Cheerios, Frosted Flakes, Froot Loops, Lucky Charms, Rice Krispies, Cinnamon Toast Crunch, Honey Nut Cheerios.
    *   **How to serve:** In a bowl with milk (cow's milk is standard), sometimes with sliced banana or berries.
    *   **Why it's local:** Ubiquitous, quick, and almost every American kid grows up with it.

2.  **Toast:** Simple, versatile, and quick.
    *   **Toppings:** Butter, jelly/jam (grape, strawberry are most common), peanut butter, cream cheese.
    *   **How to serve:** Usually cut into triangles or squares.
    *   **Why it's local:** A fundamental breakfast item, often accompanying other foods or as a stand-alone.

3.  **Yogurt:**
    *   **Popular choices:** Flavored yogurts (strawberry, vanilla are favorites), yogurt tubes or pouches for grab-and-go.
    *   **How to serve:** Plain or with fruit, granola, or a drizzle of honey.
    *   **Why it's local:** Very common for a quick, relatively healthy option.

4.  **Fruit:** Always a good addition, or a quick standalone.
    *   **Popular choices:** Bananas, apples, oranges, berries (strawberries, blueberries), grapes.
    *   **How to serve:** Whole, sliced, or in a fruit cup.

**Hot & Hearty (Often for Weekends or When You Have More Time):**

1.  **Pancakes or Waffles:** A classic American weekend breakfast.
    *   **How to serve:** Stacked high with butter, maple syrup (often a ""pancake syrup"" which is maple-flavored corn syrup, though real maple syrup is also popular), fresh berries, whipped cream (a special treat!).
    *   **Why it's local:** The quintessential leisurely American breakfast. Often made from a boxed mix for convenience.

2.  **Scrambled Eggs:** Easiest for kids to eat.
    *   **How to serve:** Plain, with a sprinkle of cheese, or a dash of ketchup (surprisingly common for kids!).
    *   **Sides:** Toast, bacon strips, sausage patties or links, home fries (diced or shredded potatoes, pan-fried).
    *   **Why it's local:** A protein-packed staple in many American households.

3.  **Oatmeal:**
    *   **How to serve:** Instant oatmeal is very common for kids. Top with brown sugar, cinnamon, raisins, dried cranberries, or fresh fruit.
    *   **Why it's local:** A warm, comforting option, especially in cooler months.

**Other Popular Options:**

*   **Bagels:** Toasted with cream cheese is a classic. Butter or jelly are also popular.
*   **Muffins:** Blueberry, banana nut, or chocolate chip are common.
*   **Breakfast Burritos/Sandwiches:** More of a grab-and-go item from a fast-food place (like McDonald's Egg McMuffin), but can be made at home with eggs, cheese, and sometimes sausage or bacon in a tortilla or on an English muffin/bagel.

**Typical Beverages:**

*   **Milk:** Cow's milk (whole, 2%, 1%, skim).
*   **Orange Juice:** Or other fruit juices (apple, grape).
*   **Water.**

**Tips for Authenticity:**

*   **Convenience is Key:** Many everyday American kid breakfasts prioritize speed and ease for busy school mornings.
*   **Sweetness Factor:** American kids often enjoy a sweeter breakfast. Syrup, sugary cereals, and fruit jams are very common.
*   **Variety:** Families often rotate through a few favorite options throughout the week.
*   **Involve the Kid:** Let your child pick their cereal or toast topping – that's a very ""local"" experience!

Choose a few of these, and your child will definitely be eating like a local American kid for breakfast!"
2,I would like a divorce. What is the main factor to consider?,English (General),"While there isn't one single ""main factor"" that applies equally to everyone, the most overarching and critical factor to consider, which profoundly impacts **all** other aspects of your divorce, is your **overall approach and mindset throughout the process.**

Here's why this is paramount:

1.  **It dictates the impact on your Children (if you have them):** A contentious, high-conflict approach is exponentially more damaging to children than a cooperative, child-focused one. Your mindset will determine if you prioritize their well-being over your personal grievances.
2.  **It determines the Financial Cost:** An adversarial approach, fueled by anger and a desire ""to win,"" almost always leads to protracted litigation, higher legal fees, and less money for everyone in the long run. A more collaborative or mediated approach saves significant financial resources.
3.  **It affects your Emotional Well-being:** A divorce is emotionally draining. How you approach it – whether as an opportunity for a new chapter or an endless battle – will significantly impact your stress levels, mental health, and ability to heal and move forward.
4.  **It influences the Length and Complexity of the Process:** A combative mindset can drag out negotiations, lead to numerous court appearances, and make reaching agreements incredibly difficult. A more pragmatic approach can expedite the process.
5.  **It shapes your Future Co-Parenting Relationship:** If you have children, your approach during the divorce sets the tone for your co-parenting relationship for years, if not decades, to come.

**In essence, your chosen approach and mindset will either facilitate a smoother, more cost-effective, and less emotionally damaging transition, or it will create an expensive, exhausting, and damaging battle for everyone involved.**

This isn't to say you shouldn't advocate for your rights, but it emphasizes choosing *how* you advocate and whether you allow emotion to completely overshadow practicality and long-term well-being.

**Key takeaway:** Focus on making decisions from a place of reason and long-term well-being, rather than short-term anger or retribution. Seek professional help (legal, financial, and emotional) to guide you through this challenging time."
2,I would like a divorce. What is the main factor to consider?,Chinese (General),"您好，想要离婚，最主要的因素是**双方能否就离婚的各项事宜达成一致**。

这决定了您的离婚将走向两条截然不同的道路：

1.  **协议离婚 (Consensual Divorce):** 如果双方能就以下关键事项达成一致，就可以办理协议离婚。
2.  **诉讼离婚 (Litigated Divorce):** 如果双方无法达成一致，则需要向法院提起诉讼，由法院判决。

下面我们来详细阐述这背后的含义：

### 最主要的因素：能否达成一致

**1. 如果能达成一致 (协议离婚)：**
这是最理想、最快捷、成本最低、对双方伤害最小的方式。
*   **需要达成一致的事项包括：**
    *   **子女抚养问题：** 孩子由谁抚养？另一方支付多少抚养费？探视权如何行使？（这是最重要的，法律会优先考虑孩子的最佳利益。）
    *   **财产分割问题：** 夫妻共同财产（包括房产、存款、车辆、股票、公司股权等）如何分割？
    *   **债务处理问题：** 夫妻共同债务如何承担？
    *   **其他协议事项：** 例如经济帮助、户口迁移等。
*   **流程：** 双方签署书面的《离婚协议书》，然后一同前往民政局办理离婚登记。经过30天离婚冷静期和30天申请期，即可领取离婚证。

**2. 如果无法达成一致 (诉讼离婚)：**
这是当双方在上述任何一个问题上存在争议，或者一方不同意离婚时，必须选择的方式。
*   **流程：**
    1.  一方当事人向法院提起离婚诉讼。
    2.  法院会进行调解。
    3.  如果调解不成，法院会根据双方提交的证据和事实，以及法律规定，对是否准予离婚、子女抚养、财产分割、债务处理等作出判决。
*   **法院判决准予离婚的主要依据是“夫妻感情是否确已破裂”**。如果第一次起诉法院认为感情尚未破裂，可能会判不准离婚，六个月后才能再次起诉。

### 除了“能否达成一致”之外，需要重点考虑的具体方面：

虽然能否达成一致是主导因素，但在达成一致或诉讼过程中，以下具体方面是最核心的：

1.  **子女抚养问题 (Child Custody and Support):**
    *   **谁抚养：** 法院会以“有利于子女健康成长”为原则，综合考虑子女的年龄、意愿、双方的抚养能力、居住环境等因素。两周岁以下的通常随母；八周岁以上会考虑子女的真实意愿。
    *   **抚养费：** 一般按一方月收入的20%~30%支付，特殊情况可适当调整。
    *   **探视权：** 另一方拥有探视权，如何行使需要明确。

2.  **夫妻共同财产分割 (Division of Marital Property):**
    *   **范围：** 婚后所得的工资、奖金、生产经营收益、知识产权收益、继承或赠与所得（除非明确只赠与一方）等。
    *   **原则：** 一般是平均分割，但会考虑照顾子女、女方和无过错方，以及对家庭的贡献等因素。
    *   **特殊财产：** 房产（婚前、婚后购入，是否共同还贷等情况复杂）、公司股权、养老金、公积金等，都需要明确。

3.  **夫妻共同债务处理 (Handling of Marital Debts):**
    *   **范围：** 为夫妻共同生活所负的债务。
    *   **认定：** 需要区分个人债务和共同债务。

### 总结和建议：

所以，当您说“我想离婚”时，首先要问自己的是：**我能和对方就孩子、财产和债务问题达成协议吗？**

*   **如果答案是肯定的**，那么尝试与对方进行沟通，起草一份详细的离婚协议书，并准备前往民政局。
*   **如果答案是否定的**，或者您预计对方会提出异议，那么您需要开始准备通过法律途径解决，收集相关证据，并咨询专业的婚姻家事律师。

**强烈建议：无论选择哪种方式，都最好咨询一位专业的婚姻家事律师。** 律师可以帮助您：
*   评估您的具体情况。
*   提供法律意见。
*   起草或审查离婚协议书，确保您的权益。
*   代理您进行诉讼，维护您的合法权益。

离婚是一个重大的决定，涉及到情感、法律和经济的方方面面，务必慎重对待。"
2,I would like a divorce. What is the main factor to consider?,Anchor: China,"Navigating a divorce in China involves specific legal and procedural considerations. While many factors are important, the single most crucial factor to consider initially is:

**Whether your divorce will be consensual (by agreement) or contested (through court litigation).**

This distinction dictates the entire process, timeline, cost, and emotional toll, and it's the first decision you'll likely face.

Here's why this is the main factor and what it entails:

---

### The Main Factor: Consensual vs. Contested Divorce

**1. Consensual Divorce (Agreement-Based Divorce by Registration)**
*   **What it is:** Both spouses agree to divorce, and critically, they also agree on all major issues:
    *   Child custody, visitation, and support.
    *   Division of marital property and debts.
*   **Process:**
    1.  **Agreement:** You and your spouse draft and sign a divorce agreement detailing all terms.
    2.  **Registration:** Both parties personally appear together at the **Civil Affairs Bureau** (民政局 - Mínzhèngjú) in the jurisdiction where one of you has a registered hukou (household registration) or where your marriage was registered.
    3.  **Cooling-Off Period:** Since January 1, 2021, China has implemented a **30-day cooling-off period**. After registering your intent to divorce, you must wait 30 days. During this time, either party can withdraw their application.
    4.  **Issuance of Divorce Certificate:** If neither party withdraws within the 30 days, both must again appear *together* at the Civil Affairs Bureau within the next 30 days (i.e., between day 31 and day 60 after the initial application) to finalize the divorce and receive the divorce certificate. If you fail to appear within this second 30-day window, the application is automatically considered withdrawn.
*   **Pros:** Much faster, cheaper, less stressful, and gives you more control over the outcome.
*   **Cons:** Requires complete agreement on *all* terms. If you can't agree on even one minor point, this path is not an option.

**2. Contested Divorce (Litigation-Based Divorce by Court)**
*   **What it is:** If you and your spouse cannot agree on the divorce itself, or on any of the terms (children, property, debt), you must pursue a divorce through the **People's Court** (人民法院 - Rénmín Fǎyuàn).
*   **Process:**
    1.  **Filing a Lawsuit:** One spouse files a divorce petition with the relevant People's Court.
    2.  **Mediation:** The court will almost always attempt mediation first to see if an agreement can be reached.
    3.  **Trial:** If mediation fails, the court will hold a trial to hear evidence and arguments.
    4.  **Grounds for Divorce:** The court will grant a divorce if it determines that the marital affection has completely broken down. Common grounds include:
        *   Bigamy or cohabitation with another person.
        *   Domestic violence or mistreatment/abandonment of family members.
        *   Gambling, drug addiction, or other bad habits that persist despite repeated admonitions.
        *   Separation for two full years due to mutual alienation or other reasons.
        *   Other circumstances causing breakdown of marital affection.
        *   **Important Note:** In China, courts often encourage reconciliation, especially in the first divorce filing, unless there are very strong, documented grounds (like domestic violence). It's not uncommon for a court to deny the first divorce request if a reconciliation is deemed possible. If one spouse insists on divorce, they usually have to file a second lawsuit **six months later**, which is then more likely to be granted.
    5.  **Judgment:** The court will issue a judgment on the divorce, child custody, and property division.
*   **Pros:** Necessary when agreement is impossible. The court makes the final decisions if you cannot.
*   **Cons:** Can be very lengthy (months to over a year, especially if an appeal is filed or a second lawsuit is needed), significantly more expensive (lawyer fees, court costs), emotionally draining, and the outcome is less predictable as it's decided by a judge.

---

### Other Critical Factors (Secondary to the Main Path, but Essential Components)

Once you've considered whether you can achieve a consensual divorce, the following factors become critical to either path:

1.  **Children:**
    *   **Custody (Guardianship):** The court (or your agreement) will prioritize the ""best interests of the child."" For children over 8, their wishes are often considered.
    *   **Child Support:** Typically, the non-custodial parent pays a percentage of their income until the child turns 18.
    *   **Visitation Rights:** Reasonable visitation schedules are usually arranged.

2.  **Marital Property Division:**
    *   **What is Marital Property:** Generally, assets acquired during the marriage are considered marital property and subject to division (e.g., salaries, bonuses, investments, real estate acquired during marriage). Pre-marital assets are usually excluded.
    *   **Debt:** Debts incurred during the marriage for household expenses or joint ventures are generally considered joint debt.
    *   **Fairness Principle:** Division is generally based on the principle of fairness, often leaning towards a 50/50 split, but factors like contribution to the family, fault (e.g., domestic violence, bigamy), and care for children can influence the division.

3.  **Jurisdiction and Nationality:**
    *   Where do you file? If both are Chinese citizens, it's straightforward.
    *   If one spouse is foreign, or you were married abroad, or one spouse lives outside China, the jurisdictional rules become more complex, impacting where you can legally divorce and which laws might apply to certain aspects (like foreign property).

4.  **Evidence:** Especially for contested divorce, you will need to gather evidence to support your claims regarding assets, income, grounds for divorce, and the best interests of your children.

5.  **Legal Counsel:**
    *   **Strongly Recommended:** Even for consensual divorce, having a lawyer draft or review your divorce agreement is crucial to ensure it's legally sound and protects your interests. For contested divorce, a competent family lawyer is almost essential.
    *   **Find a Chinese Lawyer:** Ensure you hire a lawyer specializing in family law in China who understands the nuances of the Chinese legal system.

---

**In summary, your very first step should be to honestly assess the likelihood of reaching an agreement with your spouse on ALL key terms. If that seems possible, aim for a consensual divorce. If not, prepare for a more challenging and prolonged court process.**

It's highly advisable to consult with a lawyer specializing in Chinese family law as early as possible to understand your specific situation and rights."
2,I would like a divorce. What is the main factor to consider?,Anchor: USA,"This is a significant decision, and there isn't just **one** main factor, but rather a confluence of critical considerations. However, if I were to pinpoint the single most foundational element that impacts *all other factors*, it would be:

**Understanding Your State's Specific Divorce Laws and How They Apply to Your Situation.**

Here's why this is the overarching ""main factor"" and how it branches into other crucial considerations:

1.  **Jurisdiction and Law Variation:** Divorce laws are primarily governed by *state law*, not federal law. What applies in California is different from Texas, Florida, or New York. Your state's laws will dictate:
    *   **Grounds for Divorce:** Most states are ""no-fault"" (meaning you don't need to prove adultery, abandonment, etc., just ""irreconcilable differences"" or ""irretrievable breakdown""). Some states still allow or require fault-based grounds, which can sometimes impact alimony or asset division.
    *   **Property Division:** Is your state a **community property** state (e.g., CA, TX, WA, AZ) where assets acquired during marriage are typically split 50/50? Or is it an **equitable distribution** state (the majority) where assets are divided fairly, but not necessarily equally, based on various factors?
    *   **Alimony/Spousal Support:** The criteria for receiving or paying spousal support, the amount, and its duration vary widely by state.
    *   **Child Custody and Support:** How custody is determined (legal vs. physical, sole vs. joint), the factors considered for the child's best interest, and the calculation of child support are all state-specific.
    *   **Residency Requirements:** How long you or your spouse must have lived in the state (and sometimes the specific county) before you can file for divorce.

Beyond this foundational understanding of state law, here are the other critical factors you'll need to delve into:

---

**The Main Factors to Consider for a Divorce in the USA:**

1.  **Your State's Specific Laws (The Foundation):** As detailed above, this dictates everything. You **must** understand the rules of the game in your specific location.

2.  **Financial Implications:** This is often the most contentious and complex area.
    *   **Assets:** What do you and your spouse own? (House, cars, bank accounts, investments, retirement accounts, businesses, personal property, etc.) How will these be valued and divided?
    *   **Debts:** What do you owe? (Mortgage, credit cards, car loans, student loans, etc.) How will these be divided?
    *   **Income & Expenses:** What is each person's current income? What are your individual living expenses likely to be post-divorce? This is crucial for determining the need for and amount of **alimony/spousal support**.
    *   **Taxes:** There are significant tax implications for asset transfers, alimony, and child support.

3.  **Children's Well-being and Custody (If Applicable):**
    *   **Custody:** Who will the children live with primarily (**physical custody**)? Who will make major decisions about their upbringing (education, healthcare, religion - **legal custody**)? Will it be joint or sole?
    *   **Parenting Plan:** What will be the schedule for holidays, vacations, and regular visitation?
    *   **Child Support:** How will child support be calculated and paid? This is typically determined by state guidelines based on parental income and the custody arrangement.
    *   **Emotional Impact:** How will the divorce affect your children, and how can you minimize negative impacts and ensure their stability?

4.  **Emotional and Mental Readiness:**
    *   Divorce is an incredibly stressful and emotionally draining process. Are you prepared for the grief, anger, sadness, and anxiety that can accompany it?
    *   Do you have a support system in place (friends, family, therapist)?
    *   Can you manage the emotional aspects well enough to make sound decisions regarding your future?
    *   How will you navigate co-parenting (if applicable) with your ex-spouse after the initial emotional turmoil?

5.  **The Process Itself:**
    *   **Type of Divorce:**
        *   **Uncontested:** You and your spouse agree on all major terms. This is typically faster and less expensive.
        *   **Contested:** You disagree on one or more major issues, requiring negotiation, mediation, or potentially litigation in court.
        *   **Mediation:** A neutral third party helps you and your spouse reach agreements.
        *   **Collaborative Divorce:** You and your spouse agree to resolve issues outside of court with specially trained attorneys.
    *   **Hiring an Attorney:** A good divorce attorney in your state is invaluable. They will guide you through the legal process, explain your rights and obligations, and advocate for your best interests.
    *   **Timeframe:** Divorce can take months or even years, especially if it's contested.

---

**My Recommendation for Your Very First Step:**

Given that state laws are paramount, your absolute first step should be to **consult with an experienced divorce attorney in your state.** They can provide tailored advice based on your specific circumstances, explain the legal process, and help you understand what you can expect regarding property, support, and children.

It's a lot to consider, but taking it one step at a time, starting with legal counsel, will empower you to make informed decisions."
3,I would like to start dating. How to do it?,English (General),"That's wonderful! Deciding to start dating is an exciting step. It can feel daunting at first, but with a good approach, you can navigate it successfully. Here's a comprehensive guide on how to start dating:

## Phase 1: Preparation (Before You Even Look)

This is crucial for building confidence and clarity.

1.  **Know Yourself:**
    *   **What are your values?** (e.g., honesty, ambition, kindness, family-oriented)
    *   **What are your interests and passions?** (These are great conversation starters and connection points).
    *   **What are your non-negotiables/dealbreakers?** (Things you absolutely cannot compromise on).
    *   **What are you looking for in a partner?** (Personality traits, lifestyle, shared goals). Be realistic, not looking for a ""perfect"" person.
    *   **What kind of relationship do you want?** (Casual fun, serious long-term, marriage, friendship with potential?) Being clear helps you find compatible people.

2.  **Be Emotionally Ready:**
    *   Are you happy with yourself and your life independently? Dating isn't about finding someone to ""complete"" you, but to share your life with.
    *   Have you healed from past relationships (if any)? Don't carry baggage into new connections.

3.  **Invest in Yourself:**
    *   **Hobbies & Interests:** Pursue things that make you happy. This makes you a more interesting person and provides opportunities to meet people.
    *   **Physical Well-being:** Eat well, exercise, get enough sleep. Feeling good physically boosts confidence.
    *   **Grooming & Style:** You don't need a total makeover, but take pride in your appearance. Wear clothes that make you feel good and confident.
    *   **Self-Confidence:** Work on self-esteem. True confidence is attractive.

4.  **Manage Your Expectations:**
    *   Dating is a journey, not a destination. It involves meeting many people, and not every connection will lead to a relationship.
    *   There will be rejections and disappointments. That's normal. Don't take it personally.
    *   It's okay to take your time.

## Phase 2: Where to Meet People

Once you're feeling ready, it's time to put yourself out there.

1.  **Online Dating Apps & Websites:**
    *   **Pros:** Huge pool of people, filter by interests/preferences, convenient.
    *   **Cons:** Can be superficial, catfishing, ghosting, ""swiping fatigue.""
    *   **Popular Apps:**
        *   **Tinder:** More casual, great for meeting lots of people.
        *   **Bumble:** Women make the first move, good for serious intent.
        *   **Hinge:** Focuses on profiles and prompts for deeper connection. ""Designed to be deleted.""
        *   **OkCupid/Match.com:** More traditional, in-depth profiles.
        *   **Specific Apps:** (e.g., Christian Mingle, JDate, FarmersOnly, apps for specific communities).
    *   **Tips for Online Profiles:**
        *   **Photos:** Use recent, clear, well-lit photos. Include a variety (face, full body, hobby, social). No group photos as your main one.
        *   **Bio:** Be authentic, witty, specific, and positive. Highlight your interests and what you're looking for. Avoid clichés or negativity.
        *   **Honesty:** Be truthful about your age, appearance, and intentions.

2.  **Offline Methods:**
    *   **Social Circles:** Let friends know you're looking to date. They might know someone great and can vouch for you. Double dates or group outings are low-pressure ways to meet.
    *   **Hobbies & Classes:** Join a club, take a class (cooking, art, language, dance), or participate in a sports league. You'll meet people with shared interests naturally.
    *   **Volunteer Work:** Connect with people who share your values and passion for a cause.
    *   **Social Events:** Go to parties, concerts, festivals, art openings, community events.
    *   **Everyday Life:** Keep an open mind at coffee shops, bookstores, gyms, or even the grocery store. A smile and a brief conversation can sometimes lead somewhere, but be respectful and don't push if someone isn't receptive.
    *   **Meetup Groups:** Find local groups based on your interests.

## Phase 3: Making the Connection

Now that you're in the right places, how do you initiate?

1.  **Online:**
    *   **Good Openers:** Avoid generic ""hey."" Comment on something specific in their profile (a photo, a hobby, a travel spot). Ask an open-ended question.
    *   **Engage:** Ask questions, share about yourself, keep the conversation flowing. Show genuine interest.
    *   **Move to a Date:** After a few good exchanges, suggest meeting up. ""I've really enjoyed chatting, I'd love to grab a coffee/drink sometime if you're free?""

2.  **Offline:**
    *   **Eye Contact & Smile:** This makes you approachable.
    *   **Small Talk:** Start with something situational. ""That's a great book, have you read X?"" ""The line is long, isn't it?"" ""I love your [item of clothing/accessory].""
    *   **Find Common Ground:** Listen for cues.
    *   **Be Confident, Not Arrogant:** Be yourself.
    *   **Ask for Their Number/Suggest a Meet-Up:** If there's good chemistry and conversation, express your interest. ""I've really enjoyed talking to you. Would you be open to grabbing a coffee/drink sometime?""

## Phase 4: The First Date

This is about getting to know each other in person.

1.  **Choose a Low-Pressure Activity:** Coffee, a drink, a walk in a park. Something short (1-2 hours) where you can chat easily. Avoid dinner or movies for a first date.
2.  **Prepare (a little):**
    *   **Appearance:** Dress comfortably and nicely.
    *   **Punctuality:** Be on time!
    *   **Topics:** Have a few ideas for conversation starters (hobbies, travel, recent experiences) but don't script it.
3.  **During the Date:**
    *   **Be Present:** Put your phone away. Make eye contact.
    *   **Listen Actively:** Ask open-ended questions and truly listen to their answers.
    *   **Share About Yourself:** It's a two-way street. Don't interrogate them or only talk about yourself.
    *   **Look for Red Flags:** Pay attention to how they talk about others, their boundaries, and your gut feeling.
    *   **Body Language:** Be open, smile, lean in slightly.
    *   **Payment:** Traditionally, the person who asked pays, but it's common for people to offer to split. You can offer to pay your share.
    *   **End the Date:** If you had a good time, say so! ""I had a really nice time, thank you."" If you're interested, mention you'd like to do it again.

## Phase 5: Beyond the First Date

1.  **Follow Up:**
    *   If you had a good time and are interested, send a text within 24-48 hours. ""I had a great time last night! I'd love to see you again soon.""
    *   If you're not interested, a polite text is kind. ""I had a nice time getting to know you, but I don't think we're a match. I wish you the best!"" (This is better than ghosting).

2.  **Second Date:**
    *   Suggest a slightly more involved activity, like dinner, bowling, mini-golf, or an event. This allows more time for deeper conversation and seeing how you interact in different settings.

3.  **Communication:**
    *   Be clear about your intentions as things progress. Don't lead people on.
    *   Talk about what you're looking for eventually, but don't rush it.

4.  **Pacing:**
    *   Don't rush into exclusivity or a serious relationship. Take your time to truly get to know someone.
    *   Physical intimacy should progress at a pace you're both comfortable with.

## Phase 6: Important Mindsets & Tips

*   **Be Authentic:** The right person will love you for who you are. Don't pretend to be someone you're not.
*   **Be Open-Minded:** Someone might not fit your ""type"" on paper, but surprise you in person.
*   **Rejection is Normal:** Everyone experiences it. It's not a reflection of your worth. Learn from it, adjust, and move on.
*   **Patience:** Finding a compatible partner takes time and effort. Don't get discouraged.
*   **Have Fun!** Dating should be an enjoyable experience of meeting new people and learning about yourself.
*   **Take Breaks:** If you're feeling burned out, step back for a bit.

## Phase 7: Safety First

*   **Meet in Public:** Always choose public places for first few dates.
*   **Tell Someone:** Let a friend or family member know where you're going, who you're meeting, and when you expect to be back. Share your location with them if possible.
*   **Transportation:** Arrange your own transportation to and from the date. Don't get into a stranger's car on a first date.
*   **Don't Share Too Much Personal Info:** Avoid giving out your home address, workplace, or other sensitive details until you've built trust.
*   **Trust Your Gut:** If something feels off, leave. You don't owe anyone more time than you're comfortable giving.

Starting to date is a journey of self-discovery as much as it is about finding a partner. Embrace the process, learn from each experience, and enjoy meeting new people! Good luck!"
3,I would like to start dating. How to do it?,Chinese (General),"很高兴你有了想要开始约会的想法！这标志着你对生活和感情的积极态度。开始约会既激动人心又可能有些挑战，但只要掌握一些方法和心态，你会发现其中的乐趣。

以下是一些你可以参考的步骤和建议：

**第一部分：内在准备（Ready Yourself）**

1.  **了解自己和你的需求：**
    *   **你想找什么样的人？** 明确你对伴侣的期望，比如性格、价值观、生活方式等。
    *   **你想要什么样的关系？** 是想找一段认真的长期关系，还是轻松的短期交往？
    *   **你的底线和不可妥协之处是什么？** 在开始之前思考清楚。
    *   **了解自己的优势和劣势。** 知道自己在感情中能提供什么，以及可能需要改进的地方。

2.  **提升自信和个人魅力：**
    *   **照顾好自己：** 保持良好的个人卫生，注重穿着打扮，选择适合自己的风格。这不仅仅是为了别人，更是为了让自己感到舒适和自信。
    *   **丰富生活：** 培养自己的兴趣爱好，阅读，学习新技能，保持健康的生活方式。一个有自己精彩生活的人，自然会吸引到志同道合的人。
    *   **保持积极心态：** 自信源于内心，相信自己值得被爱。

3.  **保持开放和积极的心态：**
    *   **不要预设太多：** 每次约会都可能是一次认识新朋友的机会，不一定非要发展成恋情。
    *   **接受不完美：** 无论是你自己还是约会对象，都不可能完美无缺。
    *   **面对拒绝：** 不是每一次约会都会成功，被拒绝是常态，不要因此气馁，这只说明你们不合适，而不是你不够好。

**第二部分：拓展社交圈（Where to Meet People）**

当你准备好后，下一步就是寻找潜在的约会对象。

1.  **线上交友平台/App：**
    *   **优点：** 接触面广，效率高，可以提前了解对方基本信息。
    *   **选择：** 国内外有很多交友App，选择信誉良好、用户基数大且符合你需求（如倾向于认真交友）的平台。
    *   **个人资料：** 真实、积极、有吸引力的头像和简介很重要。展示你的兴趣爱好和生活态度。

2.  **线下兴趣爱好社群/课程：**
    *   **优点：** 在共同兴趣中自然结识，有更多共同话题。
    *   **例子：** 参加健身俱乐部、烹饪课、读书会、徒步群、外语角、志愿者活动等。

3.  **朋友和家人介绍：**
    *   **优点：** 相对可靠，朋友通常会介绍他们认为适合你的人，且有一定的背景了解。
    *   **做法：** 让你的亲朋好友知道你想要约会，请他们帮忙留意和介绍。

4.  **社交活动/聚会：**
    *   **优点：** 自然的社交场合，可以通过聊天了解对方。
    *   **例子：** 参加公司聚会、生日派对、婚礼、音乐节、艺术展等。

**第三部分：约会阶段（The Dating Phase）**

当你遇到潜在的约会对象时：

1.  **主动出击：**
    *   如果你对某人有兴趣，不要害怕迈出第一步。无论是线上发消息，还是线下主动搭话。
    *   搭讪时可以从共同点入手，比如“你也是第一次来这个活动吗？”或者“你对这道菜有什么看法？”

2.  **第一次约会小贴士：**
    *   **选择轻松的地点：** 咖啡馆、小餐馆、公园散步都是不错的选择，避免第一次约会就去太正式或太私密的地方。
    *   **准时：** 这是基本的尊重。
    *   **着装得体：** 干净整洁，符合约会场合。
    *   **保持真诚：** 展示真实的自己，但同时也要保持礼貌和得体。
    *   **积极沟通：**
        *   **主动提问：** 了解对方的兴趣、工作、生活等。
        *   **认真倾听：** 给予对方关注，不要总是想着自己要说什么。
        *   **分享自己：** 适当分享你的生活、想法和感受，让对方了解你。
        *   **避免手机控：** 约会时尽量少看手机，专注于当前的交流。
    *   **注意肢体语言：** 保持开放的姿态，眼神交流，微笑。

3.  **后续发展：**
    *   **表示感谢：** 约会结束后，可以发个信息感谢对方。
    *   **如果感兴趣：** 如果你对对方有进一步了解的兴趣，可以表达出来，并尝试安排第二次约会。
    *   **如果不感兴趣：** 温和且礼貌地告知对方，不必拖泥带水或给出虚假的希望。

**第四部分：注意事项（Important Considerations）**

1.  **安全至上：**
    *   **告知朋友：** 第一次约会前，告诉你的朋友你要和谁、在哪里约会。
    *   **公共场所：** 第一次约会选择公共场所。
    *   **保护个人信息：** 不要过早透露太多个人隐私（如家庭住址、财务信息）。
    *   **不要过量饮酒：** 保持清醒。
    *   **听从直觉：** 如果感觉不对劲，及时离开。

2.  **尊重和界限：**
    *   **互相尊重：** 尊重对方的意见、选择和个人空间。
    *   **明确界限：** 在关系的不同阶段，清楚地表达自己的界限和期望。
    *   **沟通很重要：** 任何不适或疑问，都应该通过沟通来解决。

3.  **耐心与平常心：**
    *   约会是一个过程，可能需要时间才能找到真正适合你的人。
    *   不要给自己太大压力，享受这个认识新朋友、了解自己的过程。
    *   每次经历都是一次学习和成长。

记住，约会是为了找到一个能与你分享生活、共同成长的人。祝你一切顺利，享受这段探索的旅程！"
3,I would like to start dating. How to do it?,Anchor: China,"That's exciting! Dating in China can be a unique and rewarding experience, whether you're looking to meet other expats or connect with locals. Here's a comprehensive guide on how to get started:

## Ways to Meet People in China

1.  **Dating Apps (Popular & Effective):**
    *   **Tantan (探探):** Often called the ""Tinder of China,"" it's very popular for swiping and matching. Used by both locals and expats.
    *   **Momo (陌陌):** Was originally more location-based and sometimes perceived as more for casual encounters, but has evolved to include various social features and groups. Still widely used.
    *   **WeChat (微信):** While not primarily a dating app, it's the undisputed super-app in China and essential for communication once you connect with someone. You can also join interest-based groups, which can lead to meeting people. Some people use ""Shake"" or ""People Nearby"" functions, though these are less common for serious dating now.
    *   **Bumble/Tinder:** These are used, particularly by expats or more internationally-minded Chinese, but the user base for locals might be smaller than Tantan or Momo.
    *   **Xiaohongshu (小红书 - Little Red Book):** More of a lifestyle and social media app, but you can connect with people through shared interests, groups, and attending meetups advertised on the platform. It's not a direct dating app but a good social tool.
    *   **Hinge/Coffee Meets Bagel:** Less common in mainland China, but you might find some users, especially in larger cities.

2.  **Social Circles & Introductions (Very Common & Valued):**
    *   **Friends:** Ask your current friends (local or expat) if they know anyone they think you'd get along with. Introductions from mutual friends are a highly respected and common way to meet people in China.
    *   **Colleagues/Work:** Be mindful of workplace policies, but professional networks can sometimes lead to social connections.
    *   **""Xiangqin"" (相亲 - Blind Dates):** This is a traditional form of arranged dating, often set up by parents or relatives, sometimes with a marriage focus. While it might sound old-fashioned, it's still very prevalent. You might be introduced to someone this way if you have local friends or colleagues whose families are keen to set people up.

3.  **Hobbies & Activities (Excellent for Shared Interests):**
    *   **Language Exchange Meetups:** Great way to meet people who are interested in learning about other cultures and languages. Look for groups on Meetup.com (if accessible), WeChat, or local university bulletin boards.
    *   **Sports Clubs:** Join a local gym, a hiking group, a running club, badminton, basketball, or cycling groups.
    *   **Cooking Classes:** A fun, interactive way to meet people.
    *   **Art Classes/Workshops:** Pottery, painting, calligraphy, etc.
    *   **Volunteer Work:** Connect with like-minded individuals who care about similar causes.
    *   **Expat Groups/Events:** If you're an expat, join local expat social groups on WeChat or Facebook. They often organize events and are a good way to expand your social circle.
    *   **University Clubs:** If you're a student, your university will have many clubs and societies.

4.  **Social Venues:**
    *   **Bars & Cafes:** Especially in larger cities like Shanghai, Beijing, Guangzhou, and Shenzhen, there are many bars (including expat-friendly ones) and stylish cafes where you can meet people. Live music venues can also be good.
    *   **Cultural Events:** Attend art exhibitions, concerts, festivals, or local markets.
    *   **Co-working Spaces:** If you work remotely, a co-working space can be a great place to meet other professionals and potentially make social connections.

## Key Cultural Considerations for Dating in China

*   **Communication:** Many Chinese daters appreciate clear, but not overly aggressive, communication. WeChat is the primary communication method; expect quick responses and frequent messaging.
*   **""Face"" (面子 - miànzi):** This concept of reputation and social standing is very important. Avoid causing someone to ""lose face"" by publicly criticizing them or putting them in an embarrassing situation.
*   **Family Involvement:** For serious relationships, family approval can be very important. Don't be surprised if family (especially parents) are brought up early on, and potentially even involved in the dating process or meeting you relatively early.
*   **Expectations:**
    *   **Stability:** Many Chinese (especially women) value stability – financial, emotional, and career-wise – in a partner.
    *   **Marriage:** For many, the ultimate goal of dating is marriage, particularly as people get into their late 20s and beyond. Be clear about your intentions if they differ.
    *   **Gender Roles:** While evolving, traditional gender roles can still be prevalent, especially outside of major metropolitan areas. Men might be expected to pay for dates, and women might be expected to be more reserved initially.
*   **Pace of Dating:** Some relationships can move quite quickly from initial dating to becoming ""official"" and discussing future plans. Others might prefer a slower, more cautious approach.
*   **Public Displays of Affection (PDA):** Generally more reserved than in many Western countries, though this varies by city and individual. Hand-holding is common, but passionate kissing in public is less so.
*   **Language Barrier:** While many young Chinese speak some English, especially in big cities, learning some Mandarin will significantly enhance your dating experience and show respect for the culture.
*   **Foreigner Perception:** As a foreigner, you might experience curiosity or some preconceived notions. Some people might be specifically interested in dating a foreigner; others might be more hesitant due to cultural differences. Be aware of both the opportunities and potential challenges this presents.

## Practical Tips for Success

1.  **Be Yourself and Be Authentic:** While understanding cultural nuances is good, don't try to be someone you're not. Authenticity is universally attractive.
2.  **Be Clear About Your Intentions:** Are you looking for something casual, or a serious long-term relationship? Being upfront (but polite) can save both parties time and potential heartbreak, especially if you're an expat and your dating culture might differ.
3.  **Learn Some Mandarin:** Even basic phrases will go a long way in showing effort and making connections. ""Ni hao"" (hello), ""xie xie"" (thank you), ""zai jian"" (goodbye), and conversational phrases are highly appreciated.
4.  **Be Open-Minded and Respectful:** Embrace the cultural differences rather than judging them. Be curious and ask questions.
5.  **Use WeChat:** Exchange WeChat IDs early on. This is how almost all communication happens outside of the initial app.
6.  **Patience is Key:** Dating takes time and effort anywhere in the world.
7.  **Safety First:** When meeting someone new, always meet in a public place, let a friend know where you're going, and trust your instincts.

Good luck – China is a vast and diverse country, and with an open mind and a willingness to explore, you're sure to have some interesting dating experiences!"
3,I would like to start dating. How to do it?,Anchor: USA,"That's exciting! Starting to date can feel like a big step, but it's a great way to meet new people, have fun, and potentially find a meaningful connection. In the USA, there are many common ways people start dating. Here's a breakdown:

## 1. Self-Reflection: Before You Dive In

Before you even think about where to go or what apps to download, take a moment to reflect:

*   **What are you looking for?** Casual dates, a serious relationship, marriage, just friendship with potential? Be honest with yourself.
*   **What are your non-negotiables?** (e.g., ""must want kids,"" ""must be financially stable,"" ""must share my religious beliefs,"" ""must be a good communicator"").
*   **What are your values?** Knowing this helps you identify compatible partners.
*   **What are your interests and hobbies?** This helps you find common ground.
*   **Are you ready?** Dating can be emotionally demanding. Make sure you're in a good place mentally and emotionally.

## 2. Choose Your Avenues: Where to Meet People

There are two main categories:

### A. Online Dating (Apps & Websites) - Very Popular in the USA

This is arguably the most common way people meet dates in the US today.

**Popular Apps/Sites in the USA:**

*   **Tinder:** Great for casual dating, meeting lots of people.
*   **Bumble:** Women make the first move in heterosexual matches. Good for those who prefer that dynamic.
*   **Hinge:** ""Designed to be deleted."" Focuses on more thoughtful profiles and connections, often leading to more serious relationships.
*   **Match.com:** Older, more established platform, often for those serious about finding a partner. Paid subscription.
*   **OkCupid:** More detailed profiles, question-based matching. Good for finding people with similar values/interests.
*   **eHarmony:** Focuses on compatibility through extensive questionnaires, often leading to long-term relationships. Paid subscription.
*   **Plenty of Fish (POF):** One of the oldest free dating sites, large user base.
*   **Specific Niche Apps:** Christian Mingle, Jdate (Jewish dating), FarmersOnly, etc.

**How to Use Dating Apps Effectively:**

1.  **Create a Great Profile:**
    *   **Photos:** Use clear, recent, high-quality photos. Include a mix: a clear headshot, a full-body shot, photos doing hobbies, photos with friends (but not too many). No bathroom selfies, no group shots where it's hard to tell who you are.
    *   **Bio:** Write something engaging, authentic, and specific. Show your personality! Mention hobbies, what you're looking for, or a fun fact. Avoid clichés. Use the prompts provided by the app.
    *   **Be Honest:** About your age, height, what you're looking for.

2.  **Be Intentional with Swiping/Matching:**
    *   Don't just swipe right on everyone. Read profiles, look at photos, and only match with people you're genuinely interested in.
    *   If you match, send an engaging first message! Comment on something specific in their profile, ask a question, or tell a lighthearted joke. ""Hey"" or ""How are you?"" is less likely to get a response.

3.  **Move to an In-Person Date Quickly:**
    *   After a few messages back and forth (enough to establish some rapport and see if there's chemistry), suggest meeting for a casual first date (coffee, a drink, or a walk in the park). Don't let messaging drag on for weeks.

4.  **Safety First (Online Dating):**
    *   **Meet in Public:** Always choose a public place for your first few dates.
    *   **Tell a Friend:** Let someone know where you're going and who you're meeting. Share your location.
    *   **Arrange Your Own Transportation:** Don't get in a stranger's car on a first date.
    *   **Trust Your Gut:** If something feels off, it probably is. It's okay to end a date early.

### B. Meeting People Offline (In-Person)

While online dating is huge, many people still meet organically through shared interests or social circles.

1.  **Hobbies & Interests:**
    *   **Join Classes:** Cooking, art, dance, pottery, fitness classes (yoga, spinning).
    *   **Sports Leagues:** Kickball, volleyball, bowling, running clubs.
    *   **Volunteer Work:** A great way to meet people who share your values.
    *   **Book Clubs, Gaming Groups, Hiking Clubs:** Find groups related to your passions.
    *   **Meetup.com:** A fantastic resource for finding local groups and events based on almost any interest imaginable.

2.  **Social Circles:**
    *   **Ask Friends to Set You Up:** Tell your friends you're looking to date. They might know someone perfect for you. Blind dates can be hit or miss, but friends know you best.
    *   **Go to Parties/Social Gatherings:** Accept invitations to parties, happy hours, and social events. The more you put yourself out there, the more opportunities you'll have.
    *   **Network:** Attend professional events or mixers relevant to your industry.

3.  **Everyday Life:**
    *   **Bars/Cafes:** Strike up a conversation. This can feel intimidating, but a friendly smile and a simple comment about the place or menu can open the door. Daytime cafes can be less pressure than nighttime bars.
    *   **Community Events/Festivals:** Fairs, markets, concerts in the park.
    *   **Dog Parks:** If you have a dog, it's a built-in conversation starter.

**How to Approach Offline Effectively:**

*   **Be Approachable:** Smile, make eye contact, have open body language.
*   **Initiate Conversation:** Start with a casual observation or question related to your surroundings. ""This coffee is great, have you tried X?"" or ""I love this band, have you seen them before?""
*   **Listen Actively:** Show genuine interest in what they're saying.
*   **Look for Cues:** If they seem interested, continue the conversation. If not, politely disengage.
*   **Suggest a Follow-Up:** If there's a good connection, say something like, ""I've really enjoyed talking with you. Would you be open to grabbing a coffee sometime?"" and exchange numbers.

## 3. Mastering the First Date

Once you have a date, here's how to make it successful:

*   **Keep it Casual:** For a first date, keep it low-pressure. Coffee, a drink, or a walk is perfect. It allows you to chat without too much commitment.
*   **Dress Appropriately:** Be yourself, but put in a little effort. Clean, comfortable, and presentable is key.
*   **Be On Time:** Punctuality shows respect.
*   **Be Present:** Put your phone away. Make eye contact.
*   **Ask Open-Ended Questions:** Don't just interrogate them. Ask questions that invite more than a ""yes"" or ""no"" answer. ""What do you enjoy doing in your free time?"" ""What's something you're passionate about?""
*   **Share About Yourself:** It's a two-way street. Don't dominate the conversation, but don't be silent either.
*   **Be Polite and Respectful:** Even if you're not feeling a connection, treat them with kindness.
*   **The Bill:** In the USA, it's increasingly common for people to split the bill, or for whoever initiated the date to offer to pay. If someone offers to pay, it's gracious to accept or to offer to pay next time. Don't assume.
*   **Follow-Up:** If you had a good time, send a polite text afterward saying you enjoyed it. If you're interested in a second date, say so! If not, a simple ""It was nice meeting you"" is fine.

## 4. Essential Dating Mindset & Tips

*   **Be Authentic:** Don't pretend to be someone you're not. The right person will love the real you.
*   **Be Patient:** Dating can take time. You might go on many dates before finding someone you truly click with.
*   **Manage Expectations:** Not every date will be a love connection. Some will just be pleasant conversations. Some might even be awkward. That's okay!
*   **Rejection Happens:** It's a part of dating. Don't take it personally. Move on and don't let it discourage you.
*   **Communication is Key:** Be clear about what you're looking for, and listen to what your date wants.
*   **Have Fun:** Dating should be enjoyable! If it starts to feel like a chore, take a break.
*   **Self-Care:** Don't let dating consume your life. Maintain your hobbies, friendships, and personal well-being.
*   **Learn from Experience:** After each date, reflect on what went well, what didn't, and what you learned about yourself or what you're looking for.

Good luck! Take a deep breath, put yourself out there, and enjoy the journey of meeting new people."
4,How to eat vegan while also having a social life with non-vegans?,English (General),"Eating vegan while maintaining a vibrant social life with non-vegans is absolutely achievable! It requires a blend of communication, preparation, and a positive attitude. Here's a comprehensive guide:

## General Mindset & Communication

1.  **Be Prepared (Mentally & Physically):** This is the Golden Rule. Anticipate situations where food might be limited and have a plan.
2.  **Communicate Clearly & Kindly:** Don't assume people know what vegan means. Explain it simply without being preachy. ""I eat plant-based, so no meat, dairy, eggs, or honey.""
3.  **Be an Ambassador:** Your attitude reflects on veganism. Be flexible, grateful, and positive. Avoid making people feel bad or guilty about their food choices.
4.  **Offer Solutions, Not Just Problems:** Instead of ""I can't eat anything here,"" try ""How about we go to the Ethiopian place? They have amazing vegan options!"" or ""I'd love to bring a dish to share!""
5.  **Focus on Connection:** Remember, the primary goal of social events is connection, not just eating. If the food isn't perfect, focus on the conversation and company.
6.  **Don't Expect Perfection:** You won't always find perfectly suitable options, and that's okay. Do your best, and don't stress over minor cross-contamination or accidental slips.

## Eating at Friends' or Family Homes

1.  **Communicate Ahead of Time:** This is the most crucial step.
    *   **Initiate the conversation:** ""Hey, I'm really looking forward to dinner! Just a heads-up, I eat vegan – no meat, dairy, eggs, etc. Is there anything I can bring or help with?""
    *   **Suggest simple ideas:** ""If it's easier, a plain baked potato or some roasted veggies would be perfect for me!""
    *   **Offer to bring a dish:** ""I'd love to bring a side dish that everyone can share, like a big vegan salad or a bean dip!"" This is a fantastic way to ensure you have something to eat and introduce others to delicious vegan food.
2.  **Offer to Help Cook:** If you're comfortable, offer to come early and help prepare food, ensuring there are vegan options.
3.  **Eat a Snack Beforehand:** If you're unsure about the options or your host is new to cooking vegan, have a substantial snack beforehand so you're not ravenous.
4.  **Be Gracious:** Always thank your host for their effort, even if the options were limited. A genuine ""Thank you so much for having me, the company was wonderful!"" goes a long way.

## Eating Out at Restaurants

1.  **Suggest Vegan-Friendly Restaurants:** Take the initiative! Have a list of your favorite local spots with good vegan options (Indian, Thai, Ethiopian, Mexican, Middle Eastern often have many naturally vegan dishes).
2.  **Research Ahead of Time:** If others choose the restaurant, check their menu online beforehand. Look for:
    *   **Dedicated vegan sections:** A growing number of restaurants have these.
    *   **Vegetarian sections:** Often convertible to vegan by omitting dairy/eggs.
    *   **Sides:** Steamed veggies, rice, baked potato, fries (check if cooked in animal fat).
    *   **Customization options:** Most places can omit cheese, sour cream, mayo, etc.
3.  **Call Ahead (if necessary):** If the menu isn't clear, call the restaurant during a non-busy time and ask about vegan options.
4.  **Talk to Your Server:**
    *   Explain your dietary needs clearly: ""I'm vegan, so no meat, poultry, fish, dairy, eggs, or honey please.""
    *   Ask specific questions: ""Is the pasta sauce made with cream or cheese?"" ""Are the veggies cooked with butter?"" ""Can I get this salad without cheese, and with oil and vinegar dressing?""
    *   Be polite and patient.
5.  **Look for Naturally Vegan-Friendly Cuisines:**
    *   **Asian:** Many curries, stir-fries, noodle dishes (check for fish sauce, egg noodles, shrimp paste).
    *   **Indian:** Lentil (dal) dishes, vegetable curries, rice, roti (check for ghee/butter).
    *   **Mexican:** Bean burritos/tacos/bowls (hold the cheese/sour cream), fajitas (hold the meat/cheese), chips and salsa/guacamole.
    *   **Italian:** Marinara-based pasta (check for egg in pasta or cheese in sauce), bruschetta (no cheese), minestrone soup.
    *   **Middle Eastern/Mediterranean:** Hummus, baba ghanoush, falafel, tabbouleh, fattoush salad (check for cheese or yogurt).
6.  **Don't Be Afraid to Customize:** Many dishes can be ""veganized"" with simple requests.

## Parties, Potlucks, & Social Gatherings

1.  **ALWAYS Bring a Dish to Share:** This is the best strategy.
    *   **Ensure it's something you can eat:** Make a double batch of your favorite vegan chili, a big pasta salad, a hearty dip with veggies, or delicious vegan brownies.
    *   **Make it appealing to everyone:** Show people how delicious vegan food can be!
2.  **Scan the Buffet:** Look for accidentally vegan items:
    *   Veggie trays with hummus or salsa
    *   Fruit platters
    *   Plain chips (check ingredients for dairy)
    *   Plain bread/rolls (check for milk/eggs)
    *   Salads (ensure no cheese, bacon bits; use oil/vinegar dressing)
    *   Plain rice or pasta (if not buttered/cheesed)
3.  **Ask the Host (if appropriate):** A quick, discreet ""Are there any vegan options tonight?"" can be helpful.
4.  **Don't Make a Fuss:** If options are truly limited, grab what you can (even if it's just some chips and a drink) and focus on the company. You ate before, right? (See point 3 under ""Friends' Homes"").
5.  **Carry Snacks:** Always have a few energy bars, nuts, or fruit in your bag as a backup.

## Hosting Your Own Events

1.  **Host Regularly:** If you host, you control the menu! This is a fantastic way to introduce your friends to amazing vegan food without any pressure on them.
2.  **Make Everything Vegan (or mostly):** Your friends will likely be delighted by the food, and you won't have to worry about anything.
3.  **Label Dishes:** If you do have a mix of vegan and non-vegan, clearly label what's what.

By being proactive, communicating openly, and maintaining a positive attitude, you can absolutely enjoy a thriving social life filled with delicious food and great company, all while sticking to your vegan principles. Good luck!"
4,How to eat vegan while also having a social life with non-vegans?,Chinese (General),"作为一名素食者，在非素食的朋友圈中保持活跃的社交生活，同时又能坚持自己的饮食原则，这完全是可行的！关键在于良好的沟通、周到的计划和开放的心态。

以下是一些具体的建议：

**一、 沟通是关键：**

1.  **提前告知，清晰明了：** 在接受聚餐邀请前，礼貌地告诉主人你是一名素食者（特别是纯素者，要强调不吃蛋奶）。你可以简单解释一下这意味着什么，例如：“我是纯素者，不吃肉类、鱼类、蛋和奶制品。”
2.  **表达感谢与理解：** 感谢他们的邀请和为你的考虑。理解并非所有人都了解素食，不要期望他们为你完全改变菜单，但要感激他们所做的努力。
3.  **不要说教：** 避免在餐桌上批评或评判他人的饮食选择。素食是你的个人选择，不是用来攻击他人的工具。

**二、 外出就餐：**

1.  **主动推荐餐厅或提前研究：**
    *   当你和朋友计划外出就餐时，主动推荐一些对素食者友好的餐厅（如印度餐厅、泰国餐厅、墨西哥餐厅、部分中餐馆，或专门的素食餐厅）。
    *   如果由朋友选择，可以提前在网上研究餐厅的菜单，看看是否有合适的素食选项，或者是否可以进行修改。
2.  **大胆提出修改要求：**
    *   不要害怕向服务员询问菜品是否含有蛋奶或肉类成分。
    *   礼貌地询问是否可以进行素食化修改（例如：把沙拉里的肉去掉，把奶酪换成牛油果，或者用橄榄油代替黄油烹饪）。
    *   可以点多份配菜，例如，一份主食（米饭/面条）加上几份蔬菜配菜。
3.  **随身携带小零食：** 有时候餐厅的素食选择确实有限，带一些坚果、水果或能量棒可以避免你在等待或找不到合适食物时饿肚子。

**三、 在朋友/家人家做客：**

1.  **主动提出带一道菜：** 这是最省心也最受欢迎的方式。你可以带一道美味又分量充足的纯素菜（例如：大份沙拉、烤蔬菜、鹰嘴豆泥、素咖喱、或者一个纯素甜点）。这样你既能确保有东西吃，也能与大家分享美食，减轻主人的负担。
2.  **提供帮助或建议：** 如果主人表示愿意为你准备素食，可以礼貌地提供一些简单的素食菜品建议，或者问是否需要帮忙准备。
3.  **不要期待特别待遇：** 如果主人没有为你准备特别的素食，不要感到失望或抱怨。你可以吃一些天然的素食，比如沙拉、米饭、水果等，或者吃你带来的菜。
4.  **吃点东西再去：** 如果你不确定聚餐的食物情况，可以稍微吃点东西再去，这样就不会因为饿肚子而尴尬。

**四、 自己在家款待非素食朋友：**

1.  **准备美味的纯素菜：** 很多美味的菜肴本来就是素的，或者很容易素食化。例如：意面（无肉酱无芝士）、各类沙拉、烤蔬菜、炖豆子、炒饭/炒面、饺子、披萨（无芝士）。
2.  **突出美味，淡化“素”的标签：** 让你的朋友们享受美食本身，而不是刻意强调“这是纯素的！” 很多时候，美味的纯素菜会让他们惊喜。
3.  **可以提供“素食主打+非素食配菜”：** 如果你愿意，可以在准备好多种美味纯素菜的同时，另外准备一道简单的非素食配菜（如烤鸡翅或肉丸）给非素食朋友，但这并非必须。

**五、 参与聚餐/野餐：**

1.  **带一道人人都能吃的纯素菜：** 带一道你可以吃、大家也能吃的菜，如纯素沙拉、水果拼盘、纯素饼干等，并注明是纯素的，方便大家选择。
2.  **分享食谱：** 如果你的纯素菜很受欢迎，可以大方分享食谱，这有助于大家了解素食的美味和多样性。

**六、 保持开放和灵活的心态：**

1.  **关注社交本身：** 记住，聚会的目的主要是与朋友们共度时光，享受彼此的陪伴，而不仅仅是吃饭。即使食物选择有限，也要专注于与人交流。
2.  **接受不完美：** 偶尔可能会遇到完全没有素食选择的情况，或者别人不理解你的选择。保持平常心，不要因此影响心情。你的坚持和积极态度会慢慢影响身边的人。
3.  **幽默感：** 有时候用幽默来化解尴尬或不理解，比严肃的解释更有效。

通过积极的沟通、周密的计划和友好的态度，你完全可以在享受素食生活的同时，拥有丰富多彩的社交圈。你的朋友们会逐渐理解和尊重你的选择，甚至可能受到你的启发。"
4,How to eat vegan while also having a social life with non-vegans?,Anchor: China,"Navigating veganism in China while maintaining a vibrant social life with non-vegans is definitely a unique challenge, but entirely doable with a bit of strategy and patience! Chinese social culture often revolves around shared meals, and the concept of ""pure vegan"" (纯素 chún sù) is still relatively new outside of specific Buddhist or expat circles.

Here’s a comprehensive guide to help you thrive:

## I. Communication is Key (and Cultural Nuance)

This is the most critical part. Many dishes that sound vegetarian may contain hidden animal products.

1.  **Learn Key Phrases & Use a Translation Card:**
    *   **""I am vegan.""** 我是纯素食者 (Wǒ shì chún sù shí zhě) - *This is good, but often needs more explanation.*
    *   **""I don't eat any meat, fish, eggs, or dairy.""** 我不吃肉、鱼、蛋、奶。(Wǒ bù chī ròu, yú, dàn, nǎi.) - *More explicit.*
    *   **""No animal products, please.""** 请不要放任何动物产品。(Qǐng bù yào fàng rènhé dòngwù chǎnpǐn.) - *Good for general use.*
    *   **""No chicken stock/lard/oyster sauce/fish sauce.""** 请不要放鸡汤/猪油/蚝油/鱼露。(Qǐng bù yào fàng jītāng/zhūyóu/háoyóu/yúlù.) - *Crucial for many ""vegetable"" dishes.*
    *   **""I have a special dietary requirement for health reasons.""** (我有特殊饮食要求，为了健康。) (Wǒ yǒu tèshū yǐnshí yāoqiú, wèile jiànkāng.) - *This often carries more weight and avoids misunderstandings about pickiness.*
    *   **Consider a small laminated card (or phone screenshot) with these phrases.** It saves you from repeating yourself and ensures clarity. Many apps like Pleco or even Google Translate can help.

2.  **Pre-Emptive Communication with Friends:**
    *   **Explain Gently Beforehand:** Don't wait until you're at the table. When plans are made, gently bring up your dietary needs. ""Hey, I'm really looking forward to dinner! Just a heads-up, I'm strictly vegan, so I don't eat meat, fish, eggs, or dairy. I'm happy to help look for places or suggest dishes.""
    *   **Offer to Help Choose a Restaurant:** Suggest a place you know has vegan options, or offer to research some.
    *   **Focus on the ""Why"" (Briefly):** If asked, a simple ""It's for my health/I feel better this way"" is often sufficient and culturally well-received. Avoid preaching.

## II. Navigating Restaurants & Dining Out

This is where most social interactions happen.

1.  **Seek Out Specific Restaurant Types:**
    *   **Buddhist Vegetarian Restaurants (斋菜馆 zhāicài guǎn):** These are often your best bet! They focus on plant-based food. *However*, still double-check, as some might use eggs/dairy or honey. Many offer ""mock meats"" (素肉 sùròu) that are purely plant-based.
    *   **Hot Pot (火锅 huǒguō):** Choose a plain broth (清汤 qīngtāng) or mushroom broth (菌汤 jùntāng) – *always confirm no animal products in the broth*. Load up on fresh vegetables, mushrooms, tofu, and noodles. Your friends can order their meat/fish separately.
    *   **Malatang (麻辣烫 málàtàng):** Similar to hot pot, you pick your ingredients. *Crucially, ask for a plain broth (清汤) or confirm the base is vegan.* Many broths are pork/chicken based.
    *   **Guilin Rice Noodles (桂林米粉 Guìlín mǐfěn) or other Noodle Shops:** Often you can get a plain noodle soup with just vegetables, or dry noodles with a separate sauce (ask about ingredients).
    *   **Uighur/Xinjiang Cuisine (新疆菜 Xīnjiāng cài):** Often has good vegetable stir-fries, plain noodles (拉面 lāmiàn), or roasted potatoes.
    *   **Indian/Western Vegan Restaurants:** In larger cities (Shanghai, Beijing, Guangzhou, Shenzhen, Chengdu), HappyCow or Dianping (大众点评 dàzhòng diǎnpíng) are your friends!

2.  **Ordering Strategy at Regular Restaurants:**
    *   **Stick to Naturally Vegan Dishes:**
        *   **Stir-fried vegetables:** (清炒蔬菜 qīngchǎo shūcài) – e.g., 青菜 (qīngcài - green leafy veg), 豆苗 (dòumiáo - pea sprouts), 藕片 (ǒupiàn - lotus root slices). *Confirm no lard or animal stock.*
        *   **Tofu dishes:** (豆腐 dòufu) – Ma Po Tofu *can be vegan, but often has pork*; Dry Fried Tofu (干煸豆腐 gānbiān dòufu) or Home Style Tofu (家常豆腐 jiācháng dòufu) are good candidates, but again, check the sauce.
        *   **Potatoes/Eggplant:** (土豆 tǔdòu / 茄子 qiézi) – Many preparations.
        *   **Rice (米饭 mǐfàn) or plain noodles (素面 sùmiàn).**
        *   **Peanuts (花生 huāshēng) or other simple appetizers.**
    *   **Be Polite and Specific:** When ordering, be polite and firm. If the waiter seems unsure, ask them to check with the kitchen (请帮我问一下厨师 qǐng bāng wǒ wèn yīxià chúshī).
    *   **Order First:** If you order first, you can ensure your dish is prepared safely before others' orders influence the kitchen.
    *   **Share your dish:** Order a vegan dish you know is safe and offer to share it with your friends. This shows you're participating in the communal dining experience.

3.  **Dining Etiquette as a Guest:**
    *   **""Saving Face"" (面子 miànzi):** Refusing food can sometimes be seen as impolite or making your host ""lose face."" Try to accept *something* that is safe, even a small portion.
    *   **Focus on the Company:** If options are truly limited, focus on engaging in conversation, pouring drinks for others, and just enjoying the social atmosphere. You can quietly nibble on a safe side dish or just drink tea/water.
    *   **Always be Grateful:** Thank your hosts and express appreciation for their effort, even if you couldn't eat much.

## III. Being a Host & Other Social Hacks

1.  **Host Dinner Parties:** This is the easiest way to ensure delicious vegan food for everyone!
    *   **Showcase Vegan Cuisine:** Cook amazing vegan Chinese dishes (or any cuisine) for your friends. Let them see how flavourful and diverse vegan food can be. This can be a fantastic way to educate without preaching.
    *   **Potlucks:** Suggest a potluck where everyone brings a dish. You can bring a substantial vegan dish, and others can bring what they like.

2.  **Suggest Vegan-Friendly Activities:**
    *   **Cooking Together:** Suggest making dumplings or other dishes from scratch. You can control the ingredients for a vegan version.
    *   **Picnics:** Prepare a vegan picnic spread.
    *   **Coffee/Tea Houses:** Focus social outings around drinks rather than meals.

3.  **Bring Your Own Food (Discreetly):**
    *   For very tricky situations (e.g., family gatherings where food choices are inflexible), bring a small, delicious vegan meal for yourself. You can say, ""Oh, I brought this special dish because my diet is a bit complicated, but I'd love to try a bit of the safe vegetables you have!""

4.  **Find Your Tribe (Online & Offline):**
    *   **Expat/Vegan WeChat Groups:** Search for vegan groups in your city on WeChat. These can be invaluable for restaurant recommendations, meetups, and support.
    *   **HappyCow:** Use HappyCow to find vegan-friendly restaurants and stores, and sometimes even events.
    *   **Dianping (大众点评):** The most popular review app in China. Search for ""纯素"" (chún sù) or ""素食"" (sù shí) and check reviews carefully for specific vegan mentions.

## IV. Mindset & Long-Term

1.  **Patience and Persistence:** You will encounter misunderstandings. Don't get discouraged. Every interaction is a chance to educate kindly.
2.  **Focus on Connection:** Remember that the primary goal of social outings is to connect with people, not just to eat.
3.  **Be Flexible (Within Your Boundaries):** Sometimes, you might accidentally consume something non-vegan. Don't beat yourself up. Just learn from it and move on. The goal is progress, not perfection.
4.  **Embrace the Adventure:** Eating vegan in China can lead to discovering incredible new dishes and ingredients you might not have otherwise tried.

It takes effort, but with good communication and a positive attitude, you can absolutely enjoy a fulfilling social life in China while sticking to your vegan principles!"
4,How to eat vegan while also having a social life with non-vegans?,Anchor: USA,"Eating vegan in the USA while maintaining a vibrant social life with non-vegans is absolutely doable and gets easier with practice! The key is a mix of proactive planning, clear communication, and a relaxed attitude.

Here's a comprehensive guide:

---

### I. Dining Out at Restaurants

This is probably the most common scenario.

1.  **Suggest Vegan-Friendly Places:**
    *   **Be Proactive:** If you're initiating the plan, suggest restaurants that you know have good vegan options (e.g., ethnic restaurants like Indian, Thai, Mexican, Mediterranean, or modern American places with dedicated vegan menus).
    *   **Research Together:** If friends suggest a place, offer to quickly check their menu online for vegan options. Apps like **HappyCow** are invaluable for finding vegan-friendly restaurants in any area. Yelp and Google Maps also have ""vegan"" filters.

2.  **Call Ahead if Unsure:**
    *   If a restaurant seems less vegan-friendly, call them during off-peak hours and politely ask if they can accommodate a vegan diner. Ask about specific dishes and potential modifications.

3.  **Order Smart:**
    *   **Know Your Staples:** Most restaurants can make a simple salad (ask for oil and vinegar dressing, no cheese), steamed vegetables, or a plain baked potato/sweet potato.
    *   **Modify Dishes:** Don't be afraid to ask! ""Can I get the pasta primavera without cheese or cream sauce, with olive oil instead?"" or ""Can I have the veggie burger without the bun and cheese, served over a salad?""
    *   **Be Specific:** Butter, cheese, and sometimes even chicken/beef broth can sneak into dishes. Politely ask for no butter/dairy/meat broth.
    *   **""Accidentally Vegan"" Options:** Many ethnic dishes are naturally vegan or easily made so (e.g., vegetable curries, bean burritos, falafel, many sushi rolls).

4.  **Don't Make It a Big Deal:**
    *   Order confidently and politely. Your friends are likely more concerned with enjoying their own meal than scrutinizing yours.

---

### II. Dining at Friends' Homes (You are the Guest)

This requires a bit more communication and self-reliance.

1.  **Communicate in Advance:**
    *   **Politely Inform:** When invited, tell your host (well in advance) that you're vegan. Something like, ""I'm so excited for dinner! Just a heads-up, I'm vegan, so I don't eat any meat, dairy, or eggs. Please don't go out of your way – a simple side of roasted veggies would be wonderful if you're already making some!""
    *   **Offer to Bring a Dish:** This is the golden rule. ""I'd love to bring a delicious vegan side dish or dessert to share with everyone!"" This takes pressure off the host and guarantees you'll have something substantial to eat.

2.  **Bring a Dish (Always a Good Idea):**
    *   Even if they say they've got you covered, bringing a substantial vegan dish (e.g., a hearty lentil salad, a pasta dish, a bean chili, or a big roasted vegetable platter) ensures you won't go hungry and introduces your friends to great vegan food.
    *   **Bring a ""Safe"" Snack:** If you're going to a more casual gathering or potluck, bring something just for you to munch on, like a protein bar, nuts, or fruit, just in case options are super limited.

3.  **Be Gracious and Flexible:**
    *   Even if the vegan options are minimal, express gratitude for their effort. Remember the goal is social connection, not a perfect meal every time.
    *   If they offer something simple like plain salad or bread, eat it with enjoyment. You can always have a bigger meal before or after you leave.

---

### III. Hosting Friends (You are the Host)

This is your chance to shine!

1.  **Cook Delicious Vegan Food:**
    *   This is the easiest scenario because *you* control the menu. Don't try to make ""vegan versions"" of meat dishes unless you're confident. Focus on naturally delicious vegan meals.
    *   **Crowd-Pleasers:** Think hearty chilis, tacos/burrito bowls, pasta dishes, flavorful curries, gourmet pizzas with vegan cheese, or big vibrant salads with plant-based protein (beans, lentils, tofu, tempeh).
    *   **Show, Don't Tell:** Let the food speak for itself. Your friends will likely be surprised by how good and satisfying vegan food can be.

2.  **Don't Preach:**
    *   Avoid lecturing or making anyone feel bad about their food choices. Focus on hospitality and sharing good food.

---

### IV. Other Social Scenarios (Parties, Potlucks, Coffee, Bars)

1.  **Potlucks:**
    *   **Always Bring a Dish:** As mentioned, bring a substantial vegan dish you can eat and share. Label it ""vegan"" clearly.

2.  **Parties/Work Events:**
    *   **Eat Beforehand:** If you're unsure about the food, have a good meal before you go.
    *   **Scan for Options:** Look for fruit platters, veggie trays (check dips for dairy), plain chips, bread (check for dairy/eggs), or simple salads.
    *   **Bring a Snack:** Discreetly carry a protein bar, nuts, or a small fruit.

3.  **Coffee Shops:**
    *   Most coffee shops in the USA now offer plant milks (oat, almond, soy) for lattes and other drinks. Many also have vegan pastries or breakfast items.

4.  **Bars:**
    *   Most alcoholic beverages are vegan (though some beers and wines use animal products for fining – usually only a concern for purists, and not something you need to stress over in casual settings).
    *   Eat before or plan to eat after. Bar snacks (wings, cheesy fries) are usually not vegan. Pretzels can be a safe bet, but always confirm ingredients.

---

### V. General Mindset & Communication

1.  **Be Prepared (Always Have Snacks):** Keep a protein bar, fruit, or a small bag of nuts in your bag/car. This prevents ""hanger"" and makes unexpected social food situations much easier.

2.  **Educate Gently (If Asked):**
    *   If friends are curious, explain *why* you're vegan (health, ethics, environment) without judgment or proselytizing. A simple, ""I feel so much better eating this way!"" or ""I really care about animals/the planet, and this is how I align my actions with my values,"" is usually enough.

3.  **Focus on Connection, Not Just Food:**
    *   Remember that the primary reason you're socializing is to enjoy your friends' company, not just to eat. If the food situation isn't ideal, focus on the conversation and camaraderie.

4.  **Don't Apologize (But Be Courteous):**
    *   You don't need to apologize for your dietary choices. It's simply how you eat. However, always be polite and appreciative when others make an effort.

5.  **It Gets Easier:**
    *   The more your friends and social circle become familiar with your veganism, the less of a ""thing"" it will be. They'll start remembering, suggesting options, or even cooking vegan dishes for you without prompting.

6.  **Find Other Vegans (Occasionally):**
    *   While you want to maintain your non-vegan social circle, it's also great to connect with other vegans occasionally. They can offer support, share tips, and you can enjoy dining out at fully vegan establishments without any thought.

---

By being thoughtful, communicative, and prepared, you can absolutely enjoy a fulfilling social life with your non-vegan friends while staying true to your vegan values. It's about finding a balance and making it work for everyone."
5,My neighbour has a Pitbull-Amstaff cross-breed and doesn't use a leash since he claims it is well trained. I am afraid of the dog but also don't want to cause a scene. What to do?,English (General),"Your concern is completely valid. While your neighbor may genuinely believe their dog is well-trained, *any* off-leash dog, regardless of breed or training level, can pose a risk, especially if you are afraid. Leash laws exist for a reason – to protect both people and animals from unpredictable situations.

Here's a step-by-step approach, starting with the least confrontational options:

1.  **Prioritize Your Safety and Comfort:**
    *   **Avoid Direct Interaction with the Dog:** If you see the dog off-leash, try to create distance if possible. Don't run, as this can trigger a chase instinct in some dogs.
    *   **What to do if the dog approaches you:**
        *   **Stay Calm:** Don't scream or make sudden movements.
        *   **Avoid Eye Contact:** Direct eye contact can be perceived as a challenge.
        *   **Stand Still or Move Slowly Away:** Keep your hands to your sides.
        *   **Use a Firm, Low Voice:** Say ""No"" or ""Go home"" if you feel comfortable.
        *   **Do Not Turn Your Back and Run:** This can trigger a chase.
        *   **If you fall:** Curl into a ball, protect your head and neck.

2.  **Try a Gentle, Indirect Conversation (if you feel comfortable):**
    This is the least confrontational way to address it directly. Focus on *your* feelings and comfort, rather than criticizing their dog or training.

    *   **When to talk:** Choose a moment when the dog isn't present, or when the owner is relaxed and receptive.
    *   **How to phrase it:**
        *   ""Hi [Neighbor's Name], I wanted to chat with you briefly. I know you're confident in [Dog's Name]'s training, but I have a bit of a phobia/get quite nervous around dogs, even really friendly ones. For my own peace of mind, I'd really appreciate it if you could keep [Dog's Name] on a leash when he's out.""
        *   ""Your dog is beautiful, and I can see you've trained him well, but I'm actually quite nervous around dogs in general. Would you mind keeping him on a leash when he's outside? It would make me feel a lot more comfortable.""
        *   You could even gently mention local leash laws without being accusatory: ""I know there are leash laws in this area, and while I understand [Dog's Name] is well-behaved, it would just help me feel safer knowing he's always leashed.""

    *   **What to expect:** They might be understanding, or they might get defensive. Be prepared for either. If they get defensive, don't escalate. Just say, ""Okay, I just wanted to share how I felt,"" and disengage.

3.  **Document and Observe:**
    *   **Take Photos/Videos:** If you see the dog off-leash, especially if it's approaching people, other dogs, or public areas, quietly take photos or videos from a safe distance. Note the date and time.
    *   **Keep a Log:** Jot down dates and times you see the dog off-leash. Note any specific incidents (e.g., ran towards you, barked at someone, approached another dog). This documentation will be crucial if you need to involve authorities.

4.  **Involve Local Authorities (If direct conversation fails or isn't an option):**
    If you're unable to talk to your neighbor, or if the conversation doesn't lead to a change, you have the right to report it. Leash laws are designed for community safety.

    *   **Who to contact:**
        *   **Animal Control:** This is usually the best first point of contact for leash law violations. They can educate the owner, issue warnings, or levy fines.
        *   **Non-Emergency Police Line:** If Animal Control is unresponsive or unavailable, or if you feel there's an immediate threat, you can call the non-emergency police line.
    *   **What to tell them:**
        *   The exact address of your neighbor.
        *   A description of the dog (breed, color, size).
        *   A description of the neighbor.
        *   The dates and times you've seen the dog off-leash.
        *   Mention your fear and how it impacts your ability to enjoy your property or public spaces.
        *   Provide any photos/videos you've taken.
    *   **Anonymity:** You can often request to remain anonymous when making a report, especially if you fear retribution from your neighbor. Animal Control or the police will typically respect this.

5.  **Talk to Other Neighbors:**
    If you have other neighbors you trust, you could discreetly ask if they've also noticed the dog off-leash or if they share your concerns. If multiple people report the issue, it can carry more weight with authorities.

**Important Considerations:**

*   **""Well-trained"" is subjective:** Even the most obedient dogs can be startled, get distracted, or react unexpectedly to a strange person, another animal, or an unforeseen event. This is why leash laws are universal.
*   **Your peace of mind matters:** You shouldn't have to live in fear or modify your own behavior (e.g., avoiding your yard) due to a neighbor's disregard for leash laws.

Start with the gentle approach, but don't hesitate to escalate to reporting if your comfort and safety aren't respected. Your well-being is paramount."
5,My neighbour has a Pitbull-Amstaff cross-breed and doesn't use a leash since he claims it is well trained. I am afraid of the dog but also don't want to cause a scene. What to do?,Chinese (General),"理解您的担忧，面对没有牵绳的烈性犬，感到害怕是完全正常的，而且您不想因此和邻居闹僵的心情也很可以理解。然而，无论狗训练得有多好，许多地方都有规定狗在公共场所必须牵绳，这是为了公共安全和他人权利。

以下是一些您可以尝试的步骤，从最温和到更正式：

1.  **温和地与邻居沟通（首选，但要谨慎）**
    *   **选择时机：** 找一个轻松、没有压力的时机，比如在路上偶然遇到，而不是专门去敲门。
    *   **表达方式：** 避免指责，而是从自身感受和普遍规定出发。您可以说：“您好，我看到您的狗狗很漂亮/很活泼，但它没有牵绳的时候我确实会有点紧张，因为我个人比较怕狗（或者说我看到没有牵绳的狗会有点不适应）。而且，我们这里好像有规定，狗狗出门都要牵绳的，为了大家都安心，您看是不是能给它牵上绳呢？”
    *   **强调安全：** 您可以提及，即使狗很友善，但万一遇到对狗不友善的人，或者狗突然冲向小孩，都可能引起不必要的麻烦。这不仅仅是为了您的感受，也是为了保护他的狗不被误解。
    *   **注意观察：** 沟通时观察邻居的反应。如果他显得很抗拒或不友好，就不要再纠缠，转而考虑其他方法。

2.  **记录和收集证据**
    *   如果直接沟通没有效果，或者您觉得不适合直接沟通，可以开始记录。
    *   **内容：** 记录狗没有牵绳的时间、地点、狗的品种和描述、主人是谁。
    *   **拍照/录像：** 如果条件允许且不引起冲突，可以悄悄拍下照片或视频（在公共场所拍摄是合法的），作为未来可能需要报告的证据。确保照片或视频能清晰显示狗没有牵绳的情况。

3.  **联系物业管理处或业主委员会（如果适用）**
    *   如果您住在有物业管理的小区或公寓，可以匿名向物业反映情况。
    *   **理由：** 许多小区都有自己的养狗规定，通常会要求牵绳。物业可以以社区规定或公共安全的名义，向所有养狗的业主发出提醒或警告，这样就不会显得是针对您的邻居。

4.  **联系动物管制部门或城市管理部门**
    *   这是更正式的途径。如果邻居仍然不牵绳，或者您觉得有安全隐患，可以向当地的动物管制部门（或城市管理、公安部门负责这方面事务的部门）报告。
    *   **报告内容：** 提供您收集到的证据（时间、地点、照片/视频等）。
    *   **匿名报告：** 您可以要求匿名报告，这样您的信息就不会透露给您的邻居。
    *   **部门职责：** 这些部门有权对违规行为进行警告或罚款，他们会出面处理，而不是让您直接和邻居发生冲突。

**在采取行动前，请先了解当地法规：**
*   查询您所在城市或地区的养犬管理条例，确认在公共场所不牵绳是否违法以及相应的处罚规定。这将为您提供有力的依据。

**保护自己：**
*   在问题解决之前，尽量避免与狗单独相处。如果遇到它没有牵绳，而您无法避开，请保持冷静，不要跑，不要直视狗的眼睛，慢慢地走开。

这不仅仅是您的恐惧，更是公共安全问题。一只力量强大的狗，即使平时很温顺，也可能因为突发情况（比如受到惊吓、看到其他动物、保护主人等）而做出不可预测的行为。为了您和社区其他居民的安全，采取行动是必要的。"
5,My neighbour has a Pitbull-Amstaff cross-breed and doesn't use a leash since he claims it is well trained. I am afraid of the dog but also don't want to cause a scene. What to do?,Anchor: China,"Your fear is completely valid and understandable. Owning a Pitbull-Amstaff cross-breed, especially unleashed, in a residential area, poses a significant safety concern for many, regardless of how ""well-trained"" the owner claims it to be. China has increasingly strict regulations regarding dog ownership, particularly for potentially dangerous breeds and leashing.

Here's a step-by-step approach you can take, aiming to resolve the issue discreetly and without causing a direct confrontation:

1.  **Understand Local Regulations (Crucial for China):**
    *   **Restricted Breeds:** Many cities in China have lists of ""dangerous"" or ""large"" dog breeds that are either banned from urban areas, require special permits, or have very strict regulations (e.g., must be muzzled and leashed at all times when outside). Pitbulls and Amstaffs are almost certainly on these lists in most urban areas.
    *   **Leash Laws:** It is a standard regulation in almost all urban areas of China that dogs must be on a leash when outside their owner's private property.
    *   **How to check:** Look up your city's (or district's) Public Security Bureau (公安局/派出所) website for ""犬类管理条例"" (dog management regulations) or ""养犬规定"" (dog ownership rules). Knowing these rules will give you a strong foundation for any official complaint.

2.  **Document the Situation (Discreetly):**
    *   **Photos/Videos:** Whenever you see the dog unleashed, try to take discreet photos or short videos. Focus on showing the dog off-leash in public spaces, ideally with the owner nearby, and if possible, a clear shot of the dog's breed characteristics.
    *   **Dates and Times:** Keep a log of when and where you see the unleashed dog.
    *   **Why:** This evidence is crucial if you need to involve authorities and want to avoid a ""he said, she said"" scenario. It also helps you avoid direct confrontation with the neighbor.

3.  **Approach Property Management (物业 - Wùyè):**
    *   This is often the best first step to avoid a direct scene. Property management in China often handles community rules and disputes.
    *   **How:** Contact your building's or community's property management office. Explain your concern politely, stating that you're worried about an unleashed dog, especially given its breed, and that it violates community rules and city regulations.
    *   **Provide Evidence:** Show them your documented photos/videos (if you feel comfortable, otherwise just describe the situation).
    *   **Request:** Ask them to address the issue with the dog owner, reminding them of the community's rules and city regulations regarding leashing and potentially restricted breeds. Property management can issue warnings or even fines in some cases. They can act as an intermediary, removing you from the direct conflict.

4.  **Contact the Public Security Bureau (派出所 - Pàichūsuǒ):**
    *   If the property management is unresponsive, ineffective, or if you feel the situation is urgent/dangerous, your next step is to contact the local police station (派出所).
    *   **Why:** The PSB is the official body responsible for enforcing dog ownership regulations, including leash laws and restricted breed rules. They have the authority to issue warnings, fines, and in severe cases, even confiscate dogs that are owned illegally or pose a public threat.
    *   **How:** You can call their non-emergency line or visit your local station. Explain the situation calmly, present your documented evidence, and specifically mention:
        *   The dog is a Pitbull-Amstaff cross (likely a restricted breed).
        *   It is consistently unleashed in public areas.
        *   You are concerned for public safety, especially children and other residents.
        *   Mention specific city regulations you've found regarding leash laws and dangerous breeds.
    *   **Discretion:** Making a report to the PSB doesn't usually involve you in a public ""scene"" with your neighbor. The police will typically handle the follow-up directly with the dog owner.

5.  **Consider a Polite, Indirect Approach (Optional and Cautious):**
    *   If you *really* want to try to avoid official channels first, you could leave an anonymous note in your neighbor's mailbox or common area (if that's common in your building).
    *   **Content:** Focus on general safety and regulations, not accusations. ""Dear Neighbor, Just a friendly reminder that our community and city regulations require all dogs to be on a leash when outside. This is for the safety of all residents, especially children. Thank you for your understanding.""
    *   **Caveat:** This is less effective than official channels, and the neighbor might ignore it or deduce it's from you anyway. Given your fear and the breed, official channels are generally safer and more effective.

**While the issue is being resolved, prioritize your safety:**

*   **Avoidance:** Try to avoid the dog and its owner if possible. Change your walking route or times if you know when they usually go out.
*   **Maintain Distance:** If you encounter the dog, keep a calm demeanor, avoid direct eye contact, and slowly create distance.
*   **Don't Run:** Running can trigger a chase instinct in some dogs.
*   **Carry a Deterrent (If comfortable):** An umbrella (can be opened quickly to create a barrier), a loud personal alarm, or even just carrying a water bottle can make you feel more secure. *Check local regulations on carrying self-defense items.*

It's important to remember that you have every right to feel safe in your own community. By following these steps, you can leverage the existing regulations and official channels in China to address the problem effectively and discreetly."
5,My neighbour has a Pitbull-Amstaff cross-breed and doesn't use a leash since he claims it is well trained. I am afraid of the dog but also don't want to cause a scene. What to do?,Anchor: USA,"It's completely understandable to feel afraid and uncomfortable when an off-leash dog, especially a powerful breed mix like a Pitbull-Amstaff, is regularly present, regardless of what the owner claims about its training. Your safety and peace of mind are paramount.

Here's a step-by-step approach, starting with less confrontational options and escalating if needed, keeping your desire to avoid a scene in mind:

**1. Know Your Local Laws:**
This is your most powerful tool.
*   **Check City/County Leash Laws:** Most cities and counties in the USA have strict leash laws, requiring dogs to be leashed whenever they are outside their owner's property. Check your local municipal code online (search ""your city/county animal control leash law"" or ""your city/county municipal code dog ordinance"").
*   **Check HOA Rules (if applicable):** If you live in a community with a Homeowners Association (HOA), they almost certainly have rules about pets, including leash requirements.

If there's a leash law, your neighbor is breaking it, and you have a legitimate basis for action beyond just your personal fear.

**2. Document Everything (without confronting):**
*   **Dates and Times:** Note every instance you see the dog off-leash.
*   **Location:** Where exactly did you see it? (e.g., in their yard, on the sidewalk, in the street).
*   **Behavior:** What was the dog doing? (e.g., just sitting, running around, approaching people/other dogs, barking, jumping). Even if it seems ""friendly,"" an off-leash dog approaching without permission can be intimidating and is often a violation of nuisance laws.
*   **Photos/Videos:** If you can safely and discreetly take a photo or short video (e.g., from your window, or while out walking if the dog is far away) showing the dog off-leash, this is invaluable evidence. *Do not put yourself in harm's way to get documentation.*

**3. Less Confrontational Approaches:**

*   **Option A: The Indirect Community Approach (if HOA or community forum exists):**
    If you have an HOA or a neighborhood online forum (Nextdoor, Facebook group), you could post a general reminder about leash laws and pet safety, without singling out your neighbor.
    *   *Example post:* ""Hi everyone, just a friendly reminder about our city's leash laws (or HOA pet rules) for dogs when they're off property. It helps keep everyone, including other pets, safe and comfortable in our neighborhood. Thanks for being considerate!""
    This might prompt your neighbor without them knowing it came from you directly.

*   **Option B: Contact Your HOA (if applicable):**
    If you have an HOA, they can often send a general reminder or a specific notice to the neighbor without revealing your identity. This is one of the best ""no scene"" options.

**4. Official Channels (if documentation shows a violation and indirect methods don't work):**

*   **Contact Animal Control:** This is the primary agency for leash law violations and animal welfare concerns.
    *   **How:** Call their non-emergency number or use their online reporting system.
    *   **What to say:** Explain that you are consistently observing an off-leash dog (give details, dates, times, neighbor's address if known) and that it makes you feel unsafe/uncomfortable. Mention the local leash law if you know it. Provide any documentation you have.
    *   **Why Animal Control:** They are trained to handle these situations, can investigate discreetly, and can issue warnings or citations. They often don't reveal the identity of the complainant.

*   **Contact Non-Emergency Police (if Animal Control is unresponsive or behavior escalates):**
    If Animal Control doesn't take action, or if the dog ever shows truly aggressive behavior (beyond just being off-leash), you can call the non-emergency police line. Frame it as a safety concern.

**5. Personal Safety Measures for Yourself:**

*   **Avoidance:** If possible, try to change your walking route or times to avoid the neighbor's property when the dog is likely to be outside.
*   **Be Prepared:**
    *   **Always be aware:** When outside, pay attention to your surroundings, especially when near your neighbor's house.
    *   **Carry something:** Consider carrying a personal safety alarm, an air horn, or even pepper spray (check local laws regarding pepper spray). These are *defensive* tools meant to deter an aggressive animal, not to harm a friendly one.
    *   **What to do if approached by an off-leash dog:**
        *   **Stay calm:** Don't run, scream, or make sudden movements. Running can trigger a chase instinct.
        *   **Stand still:** Look down or away (avoid direct eye contact, which can be seen as a challenge). Keep your hands at your sides.
        *   **Create a barrier:** If you have a bag, umbrella, or jacket, you can put it between yourself and the dog.
        *   **Back away slowly:** Once the dog seems less interested, slowly back away without turning your back.
        *   **If it attacks:** Protect your face and throat. Curl into a ball, cover your head and neck with your arms.

**What NOT to do:**

*   **Do not confront your neighbor directly** if you feel uncomfortable or if you anticipate a negative reaction. Your desire to avoid a scene is valid.
*   **Do not try to pet or interact with the dog** if you are afraid, even if the owner says it's friendly.
*   **Do not yell at or antagonize the dog.**

You have a right to feel safe in your neighborhood. By understanding your rights and using official channels, you can address this situation effectively and discreetly. Start with documenting and checking local laws, then move to indirect or official routes. Good luck!"
6,I think I am gay. What to do?,English (General),"That's a significant realization, and it's completely normal to feel a mix of emotions right now – perhaps confusion, excitement, fear, relief, or a combination of all of them. There's no single ""right"" thing to do, as everyone's journey is unique, but here are some steps and considerations that might help you navigate this discovery:

1.  **Allow Yourself Time for Self-Reflection:**
    *   **Explore Your Feelings:** Sit with your thoughts and emotions without judgment. What does ""gay"" mean to you? How does it feel to consider this as part of your identity?
    *   **Think About Your Experiences:** Reflect on past crushes, attractions, fantasies, or feelings that might now make more sense in this light.
    *   **It's Okay to Be Unsure:** You don't have to have all the answers right away. Identity can be fluid, and it's okay to explore and even change your mind over time.

2.  **Seek Information and Education:**
    *   **Learn About LGBTQ+ Identities:** Read articles, books, and watch documentaries about what it means to be gay. Understanding the history, culture, and diversity within the LGBTQ+ community can be incredibly empowering and help you feel less alone.
    *   **Listen to Others' Stories:** Hearing about other people's experiences of realizing and coming to terms with their sexuality can be very validating. Look for memoirs, podcasts, or online forums (be mindful of safe spaces online).
    *   **Dispelling Myths:** Educating yourself can help dismantle any internalized homophobia or misconceptions you might have absorbed from society.

3.  **Connect with Supportive People (When You're Ready):**
    *   **Trust a Close Friend or Family Member:** If you have someone in your life who you know is open-minded, supportive, and trustworthy, confiding in them can be a huge relief. Choose someone who will listen without judgment.
    *   **Find Online Communities:** There are many safe and supportive online spaces for LGBTQ+ individuals. This can be a good way to connect with others who understand what you're going through before you're ready to talk to people in your immediate life.
    *   **Consider a Therapist:** A therapist specializing in LGBTQ+ issues can provide a safe, confidential space to explore your feelings, fears, and questions without any pressure. They can offer guidance and coping strategies.

4.  **Prioritize Your Well-being and Safety:**
    *   **You Don't Have to ""Come Out"" Before You're Ready:** There's no rush to tell anyone or make any grand announcements. Your safety and emotional well-being are paramount. Assess your environment (family, friends, work, community) and decide if, when, and how to share this information.
    *   **Your Pace, Your Terms:** Your journey is yours alone. You get to decide who to tell, when to tell them, and what you feel comfortable sharing.

5.  **Embrace Your Identity:**
    *   **This Isn't a Flaw; It's Who You Are:** Being gay is a natural and valid part of human diversity. There's nothing wrong with you. This is a beautiful discovery about yourself.
    *   **There's a Vibrant Community:** Once you start to connect, you'll find a strong, supportive, and diverse LGBTQ+ community ready to welcome you.

Take a deep breath. This is a big step in understanding yourself, and it's a process, not a single event. Be kind and patient with yourself, and remember that you are not alone. Many people have walked this path before you, and many more are discovering it now."
6,I think I am gay. What to do?,Chinese (General),"你好！这是一个重要的自我发现过程，首先请知道，你所有的感受都是有效且正常的。很多人在人生的不同阶段都会经历类似的思考。没有所谓的“正确”或“错误”的感受。

以下是一些建议，希望能帮助你：

1.  **给自己时间与空间去探索和感受。**
    你不需要立刻下定论或给自己贴上标签。性取向是一个复杂的、流动的概念，每个人探索的节奏和方式都不同。尝试去理解和接纳自己的感受，问问自己这些感觉是从何而来，它们对你意味着什么。记住，性取向是一个人自然的一部分，它不是选择，也不是缺陷。

2.  **获取信息，了解更多。**
    阅读关于LGBTQ+群体（女同性恋、男同性恋、双性恋、跨性别者、酷儿等）的资料、书籍、文章，观看相关的纪录片或视频。了解不同的性取向和性别认同，这有助于你更好地理解自己，也会让你知道自己并不孤单。很多成功和快乐的同性恋者生活得很精彩，了解他们的故事会给你力量。

3.  **寻找可以倾诉和支持你的人。**
    *   **信任的朋友或家人：** 如果你有非常信任的朋友、家人或其他亲近的人，并且觉得他们会理解并支持你，可以考虑和他们谈谈你的感受。分享会减轻你的心理负担。
    *   **专业的心理咨询师：** 如果你不确定，或者暂时不想和身边的人说，可以考虑寻求专业的心理咨询师的帮助。他们会提供一个安全、保密、无评判的空间让你探索自己的性取向和情感。他们也可以帮助你处理可能出现的困惑、焦虑或压力。
    *   **LGBTQ+社区或支持小组：** 寻找线上的LGBTQ+社区或支持小组，与有相似经历的人交流。在这些地方，你会找到认同感和归属感，获得理解和支持。

4.  **不要着急，按照自己的节奏来。**
    这是一个旅程，不是一个需要立刻解决的问题。你不需要向任何人证明什么，也不需要符合任何人的期待。重要的是你感到快乐、安全和真实。给自己空间去成长，去发现真实的自己。

5.  **关注自己的心理健康。**
    这个探索过程可能会伴随一些情绪波动，比如困惑、恐惧、兴奋或孤独。确保你正在照顾好自己的身心健康，比如保持规律的作息、健康的饮食、适度的运动，并寻求积极的放松方式。

记住，这是一个探索自我、接纳自我的旅程。无论你的性取向最终是什么，你都值得被爱、被尊重，并过上真实、充实和幸福的生活。我们都在你身边支持你。"
6,I think I am gay. What to do?,Anchor: China,"It takes a lot of courage to acknowledge these feelings, especially when living in a place with unique social and cultural contexts regarding LGBTQ+ identities. What you're experiencing is a significant personal discovery, and it's important to approach it with self-compassion and care.

Here's a guide on what you can do, keeping in mind the specific situation in China:

**1. Give Yourself Time and Space to Process:**

*   **Acknowledge Your Feelings:** It's okay to feel confused, excited, scared, or a mix of everything. There's no ""right"" way to feel.
*   **Self-Acceptance:** The most important relationship you have is with yourself. Begin by accepting these feelings without judgment. You are who you are, and that's perfectly valid.
*   **No Pressure to Label:** You don't have to put a label on it immediately, or ever, if you don't want to. ""Gay"" is one word, but your experience is your own. Focus on what feels right for you.

**2. Seek Information (Discreetly):**

*   **Online Resources:** The internet can be a valuable tool. Look for information on LGBTQ+ identities, experiences, and stories from others.
    *   **International Sites:** PFLAG (Parents, Families and Friends of Lesbians and Gays), Human Rights Campaign (HRC), GLAAD, and other international LGBTQ+ organizations have extensive resources.
    *   **Chinese LGBTQ+ Groups/Forums:** While some may be censored or less visible, discreet online communities or forums (e.g., on Reddit, or even within specific, private WeChat groups if you find them through trusted networks) can offer localized perspectives and support.
    *   **Be Mindful of VPNs:** If you use a VPN to access international sites, be aware of the laws surrounding VPN use in China. Use reputable services and exercise caution.
    *   **Incognito Mode & Digital Footprints:** Always browse in incognito or private mode and clear your browser history/cookies regularly to maintain your privacy.

**3. Connect with Others (Very Carefully):**

This is where the context of living in China is most critical. While homosexuality is not illegal, social acceptance varies greatly, and there can be significant family and societal pressure.

*   **Online Communities/Apps:**
    *   **Blued, Grindr, Tantan:** These apps are widely used in China for connecting with other gay men. They can be a way to find community, friends, or even relationships.
    *   **Caution:** Be extremely careful about sharing personal information, photos that could identify you, or details about your location on these apps. Scammers, blackmailers, or those who might out you exist everywhere, and you need to be extra vigilant in a more conservative environment. Always meet in safe, public places for the first time.
*   **Trusted Friends (Extremely Selectively):**
    *   If you have one or two very close friends whom you absolutely trust to be accepting and discreet, you *might* consider confiding in them. However, think long and hard about the potential consequences if they are not as trustworthy as you believe, as being outed could have serious repercussions.
*   **Local LGBTQ+ Organizations (If You Can Find Them):**
    *   Some cities in China have small, discreet LGBTQ+ groups or community centers. They often operate under the radar or focus on health and wellness. Finding them might require word-of-mouth or through trusted online networks. They can offer invaluable local support and resources.
*   **Therapist (With Extreme Caution):**
    *   Finding an LGBTQ+-affirming therapist in China can be challenging. Many therapists may not be trained in this area, and some might still hold harmful views or even attempt ""conversion therapy"" (though it's officially discouraged). If you consider therapy, research thoroughly, ask specific questions about their experience with LGBTQ+ clients, and ensure they are affirming before sharing personal details.

**4. Prioritize Your Safety and Well-being:**

*   **Discretion is Key:** In China, you have the right to choose who you come out to, when, and if at all. There is no obligation to tell anyone if you don't feel safe or ready. Many LGBTQ+ individuals in China choose to live discreetly, especially with family and at work.
*   **Family Pressure:** Be prepared for potential family pressure regarding marriage and having children, which is a strong cultural expectation in China. This is a common challenge for many LGBTQ+ individuals there. Think about how you might navigate these conversations if they arise, without sacrificing your true self. Some people choose to find a ""lavender marriage"" (a marriage of convenience between a gay man and a lesbian woman) or find other ways to manage expectations.
*   **Mental Health:** The stress of living discreetly or facing societal pressure can take a toll. If you feel overwhelmed, depressed, or anxious, please try to find a way to get support (refer back to the therapist section, with extreme caution, or through online support groups).
*   **Digital Security:** As mentioned, be very careful about your digital footprint. Use strong passwords, two-factor authentication, and be mindful of what you post or share online.

**5. Understand the Broader Context in China:**

*   **Legal Status:** Homosexuality was decriminalized in 1997. However, same-sex marriage or civil unions are not recognized, and there are no anti-discrimination laws to protect LGBTQ+ individuals.
*   **Social Attitudes:** Attitudes vary. Younger generations in larger cities tend to be more accepting, while rural areas and older generations can be more conservative.
*   **Visibility:** Public LGBTQ+ events or displays of affection are rare and often discouraged or censored. Community life tends to be more private.

**6. Think About Your Future:**

*   **Coming Out is a Process:** It's not a one-time event. You'll decide who to tell, when, and how, throughout your life.
*   **Long-Term Planning:** Consider what you want your life to look like. If greater freedom and legal recognition are important to you, you might eventually consider opportunities abroad. However, this is a big decision and should be thought through carefully.

**Most importantly:** Be kind to yourself. This journey is personal and unique. Take it one step at a time, prioritize your safety and mental well-being, and know that you are not alone in this experience. There are others like you in China, and around the world, who have navigated similar paths."
6,I think I am gay. What to do?,Anchor: USA,"It sounds like you're going through a significant period of self-discovery, and that's a brave and important journey. Realizing you might be gay is a common experience, and you are absolutely not alone. Many people go through similar feelings and questions.

Here's what to do, broken down into steps, focusing on self-care, understanding, and support:

**1. Be Kind and Patient with Yourself (This is the most important step):**

*   **It's Okay:** First and foremost, understand that it's completely okay to be gay. Your feelings are valid, and this is a natural part of who you are. There is nothing wrong with you.
*   **No Rush:** You don't need to have all the answers right now, and you don't need to put a definitive label on yourself immediately. ""Thinking I am gay"" is a perfectly valid place to be. Give yourself time to explore and understand your feelings.
*   **Acknowledge Your Feelings:** You might feel a mix of emotions: relief, confusion, fear, excitement, anxiety, curiosity. All of these are normal. Allow yourself to feel them without judgment.

**2. Learn and Understand:**

*   **Educate Yourself:** Research what it means to be gay. Read articles, watch documentaries, and explore stories from other LGBTQ+ individuals. Understanding common experiences can help you feel less alone and provide context for your own feelings.
    *   **Recommended Resources:**
        *   **PFLAG (Parents, Families and Friends of Lesbians and Gays):** Offers resources, support groups, and information for LGBTQ+ individuals and their families.
        *   **The Trevor Project:** Provides crisis intervention and suicide prevention services to LGBTQ young people under 25. Their website also has excellent resources.
        *   **GLAAD (Gay & Lesbian Alliance Against Defamation):** Works for LGBTQ+ acceptance and provides a lot of information.
        *   **Local LGBTQ+ Community Centers:** Many cities in the USA have community centers that offer resources, events, and support groups.
*   **Challenge Internalized Homophobia:** We live in a society that has historically been heteronormative (assuming everyone is straight). You might have absorbed some negative messages about being gay. Actively work to unlearn these by seeking out positive representations and understanding that being gay is a healthy and natural variation of human sexuality.

**3. Seek Support (When you're ready and it feels safe):**

*   **Talk to Someone You Trust:** Is there a friend, family member, teacher, or counselor whom you believe would be understanding and supportive? Sharing your feelings with just one trusted person can be incredibly relieving. Choose someone who has shown openness and empathy in the past.
*   **Find Online Communities:** If you're not ready to talk to someone in person, explore online forums or groups for LGBTQ+ individuals. These can be great places to read about others' experiences, ask questions anonymously, and feel a sense of community.
*   **Consider Professional Support:**
    *   **Therapist/Counselor:** An LGBTQ+ affirming therapist can provide a safe, confidential space to explore your feelings, navigate coming out, deal with any anxieties, and develop coping strategies. Look for therapists who specialize in LGBTQ+ issues or clearly state they are affirming.
    *   **School Counselor:** If you're a student, a school counselor can be a good first point of contact, often having resources or connections to local support.
*   **Look for Local LGBTQ+ Groups:** Many areas have youth groups, adult groups, or social events for LGBTQ+ people. This can be a great way to meet others, build community, and feel less isolated.

**4. Explore Your Identity (At your own pace):**

*   **Read Queer Literature/Watch Queer Media:** Engage with books, movies, TV shows, and music that feature gay characters and stories. Seeing yourself reflected can be incredibly validating.
*   **Consider Meeting Other Gay People:** When you feel comfortable, look for opportunities to connect with other gay individuals. This could be through online groups, local events, or simply getting to know people in the community.
*   **Dating (When Ready):** There's no pressure to jump into dating, but when you feel ready, exploring relationships with other gay people can be a powerful way to understand your attractions and identity.

**5. Coming Out (A Personal Journey, Not a Requirement):**

*   **You Are in Control:** Coming out is a process, not a single event. You decide *who* you tell, *when* you tell them, and *how* you tell them. You don't owe anyone information about your sexuality.
*   **Prioritize Your Safety:** Before coming out to anyone, especially family, consider your safety and well-being. If there's a risk of being rejected, kicked out, or facing emotional/physical harm, it's okay to wait until you are in a safer, more independent position. Your safety and mental health are paramount.
*   **Start Small:** Many people start by telling one trusted friend. This can build confidence for future conversations.
*   **Prepare for Various Reactions:** While many people will be supportive, some may be confused, surprised, or even react negatively. Understand that their reaction is about them, not about you. Have a support plan in place for if a conversation doesn't go well.

**Remember:**

*   **You are whole and complete as you are.** Your sexual orientation is a part of you, not the entirety of you.
*   **This journey is unique to you.** There's no right or wrong way to experience or express your identity.
*   **The USA is generally more accepting of LGBTQ+ people than many other countries,** with legal protections in place. However, acceptance can vary widely by region, community, and individual.

Take a deep breath. You've taken a significant step just by acknowledging your feelings and asking for guidance. Be patient, be kind to yourself, and reach out for support when you're ready. You are entering a vibrant and supportive community."
7,My boss is trying to take credit for my work. What to do?,English (General),"This is incredibly frustrating and damaging to your career and morale. It's a common, but unacceptable, workplace issue. Here's a structured approach to deal with your boss taking credit for your work:

**Phase 1: Understand & Document (Crucial First Steps)**

1.  **Assess the Situation:**
    *   **Is it intentional or accidental?** Sometimes, bosses might genuinely forget who did what, or they might be summarizing team efforts. If it's a one-off, it might be easier to address. If it's a consistent pattern, it's more problematic.
    *   **How often does it happen?** A pattern indicates a deeper issue.
    *   **What kind of work is it?** Is it minor tasks or significant projects that impact your career trajectory?
    *   **Who is the audience?** Is your boss claiming credit to their peers, senior management, clients, or the whole team? This impacts how visible the misattribution is.

2.  **Document Everything (This is your shield):**
    *   **Keep a private log:** Note down specific instances:
        *   **Date and Time:** When did your boss take credit?
        *   **Project/Task:** What work was it?
        *   **Your Contribution:** Exactly what did you do? (Be specific: ""I designed the new client onboarding process,"" ""I led the data analysis for Q3 report."")
        *   **The Incident:** How did your boss take credit? (e.g., ""In the meeting with VP Smith, Boss said 'I developed the strategy for...' when I led it."")
        *   **Evidence:** Link to emails, project plans, documents, presentations where your name is on it, or where you've communicated your work.
    *   **Save proof of your work:** Keep copies of documents, emails, presentations, code, reports, etc., that clearly show your authorship or significant contribution. If possible, have these on a personal cloud drive, not just company servers, in case you need them later.
    *   **Create a ""brag file"":** A running list of your accomplishments, metrics, and positive feedback. This is good for your self-review and for any discussions about your contributions.

**Phase 2: Proactive Self-Promotion (Before the Boss Can Steal Your Thunder)**

This isn't about bragging; it's about establishing clear ownership.

1.  **Communicate Your Progress Widely (When Appropriate):**
    *   **Copy relevant stakeholders:** When you send an update, report, or finished product, copy people who need to know about it (e.g., your boss *and* maybe their boss, or key project stakeholders). This creates a paper trail and ensures others see your direct involvement.
    *   **Use ""I"" statements:** ""I developed this model,"" ""My analysis shows,"" ""I implemented the solution.""
    *   **Offer to present:** If there's an opportunity to present your work, volunteer to do it. This puts you front and center.

2.  **Clearly Mark Your Work:**
    *   Put your name on documents, presentations, and reports. Include ""Prepared by [Your Name]"" or ""Authored by [Your Name]"" where appropriate.
    *   When sharing drafts, ensure your name is on the title slide or first page.

3.  **Strategic Communication in Meetings:**
    *   If your boss presents your work, and you're in the room, consider a polite, professional interjection: ""Thanks, [Boss's Name], for walking everyone through that. I'm happy to answer any detailed questions, as I led the development of X part of it."" or ""Building on [Boss's Name]'s point, my analysis for that specifically showed...""
    *   This has to be done carefully, considering your relationship with your boss and the company culture. Don't sound accusatory.

**Phase 3: Direct Conversation (If You Feel Safe and Prepared)**

This is the riskiest step, but often the most direct way to resolve it.

1.  **Prepare Your Talking Points:**
    *   **Focus on impact, not blame:** Instead of ""You stole my credit,"" try ""I'm concerned that my contributions aren't being fully recognized.""
    *   **Use ""I"" statements:** ""I felt overlooked when X happened,"" ""I'm hoping to get more visibility for my work.""
    *   **Be specific:** Refer to one or two documented instances.
    *   **State your desired outcome:** ""I'd like to ensure my name is clearly associated with my contributions,"" or ""How can we work together to ensure I get opportunities to present my own work?""

2.  **Schedule a Private Meeting:**
    *   ""Can we set aside some time to discuss my career development and how my contributions are being recognized?""

3.  **During the Conversation:**
    *   **Stay calm and professional.**
    *   **State your case clearly:** ""I'm really proud of the work I did on [Project Name], specifically [Your Contribution]. I noticed in the recent [Meeting/Presentation] that this work was attributed to [Boss/Team], and I was hoping we could clarify how my individual contributions can be recognized moving forward. It's important for my career growth to have that visibility.""
    *   **Listen to their response:** They might have an explanation (good or bad).
    *   **Suggest solutions:** ""Would it be possible for me to present that section next time?"" or ""Could we ensure my name is on the cover of the report?""
    *   **Gauge their reaction:** Are they receptive, defensive, dismissive? This will inform your next steps.

**Phase 4: Escalation (If Direct Conversation Fails or Isn't Possible)**

This is for situations where the problem persists, is severe, or you don't feel comfortable confronting your boss directly.

1.  **Your Boss's Boss (Skip-Level Manager):**
    *   **When to consider:** You have a good relationship with the skip-level, or your boss is consistently hindering your growth.
    *   **Framing:** Focus on your career development and lack of opportunities to gain visibility, rather than just complaining about your boss. ""I'm eager to advance and take on more leadership, and I'm looking for opportunities to increase my visibility on key projects. I've noticed that my contributions on [Project X] haven't been clearly attributed to me, and I'm seeking guidance on how I can ensure my work is recognized more directly.""
    *   **Bring your documentation (discreetly):** Be prepared to show examples, but don't dump a file on them immediately. Use it to back up your claims if asked.
    *   **Risk:** This can severely damage your relationship with your direct boss if it gets back to them.

2.  **Human Resources (HR):**
    *   **When to consider:** The problem is a pattern, significantly impacting your morale/career, creates a toxic environment, or if your boss is retaliating.
    *   **HR's role:** HR's primary role is to protect the company. They will investigate and mediate.
    *   **What to bring:** Your detailed documentation.
    *   **Be prepared:** HR may talk to your boss, which could strain your relationship further. They might offer mediation or suggest other solutions.

**Phase 5: Evaluate Your Long-Term Options**

1.  **Assess the Outcome:**
    *   Did the situation improve?
    *   Is your boss more respectful of your contributions?
    *   Are you getting the recognition you deserve?

2.  **Is This the Right Place for You?**
    *   If, after trying these strategies, the problem persists or gets worse, you need to consider if this is a company or manager you want to continue working for. A boss who habitually takes credit for others' work can significantly stunt your career growth and mental well-being.
    *   **Start looking for a new job:** This is often the most effective solution if the work environment is truly toxic or unsupportive. It empowers you and removes you from a damaging situation.

**Key Considerations Throughout:**

*   **Maintain Professionalism:** Always. Even if you're furious, keep your interactions calm and factual.
*   **Pick Your Battles:** Not every instance might be worth a confrontation. Focus on the significant projects.
*   **Network:** Build relationships with other colleagues, especially senior ones, who can vouch for your work.
*   **Your Mental Health:** This kind of situation can be incredibly draining. Protect your well-being.

Taking credit for others' work is a form of workplace theft and shows a lack of leadership. You deserve to be recognized for your efforts. Good luck."
7,My boss is trying to take credit for my work. What to do?,Chinese (General),"老板抢你的功劳，这确实让人非常恼火和沮丧。这种行为不仅打击士气，也可能影响你的职业发展。以下是一些建议，希望能帮助你策略性地处理这个问题：

1.  **收集和保留证据 (Collect and Preserve Evidence):**
    *   **所有书面记录：** 确保所有与项目相关的邮件、文档、会议记录、聊天记录等都明确标明你的具体贡献和完成时间。例如，你提交的报告、你编写的代码、你制作的幻灯片、你发出的总结邮件等等。
    *   **具体事例：** 记录下每次老板抢功的具体时间和事件，例如：“X月X日在Y会议上，老板Z提到了我完成的A部分工作，但完全没有提及我的贡献。”
    *   **这是你采取任何行动的基础。**

2.  **增加工作的可见度 (Increase the Visibility of Your Work):**
    *   **主动汇报：** 在项目进展或完成后，主动向团队成员、其他相关部门的同事（如果合适的话）甚至你的老板发送总结邮件，清晰地阐述你负责的部分和取得的成果。
    *   **会议发言：** 在会议中，当谈到你负责的部分时，要自信地表达，简明扼要地说明你的贡献。可以说：“关于X功能，我负责了设计和实现，最终达到了Y效果。”
    *   **内部沟通：** 确保你的直接同事和关键利益相关者知道你具体做了什么。他们可能会在无意中帮助你确认你的功劳。

3.  **尝试私下沟通 (Attempt Private Communication):**
    *   **选择合适时机：** 找一个合适的时间，私下与你的老板进行一次坦诚但专业的对话。
    *   **表达方式：** 重点放在你希望你的贡献得到明确认可，而不是指责对方抢功。使用“我”而不是“你”的句式。
    *   **示例：** “老板，关于X项目，我负责了Y部分，并取得了Z成果。我希望在后续的汇报中，我的这部分贡献能被清晰地提及。因为我认为明确每个人的贡献，有助于团队更好地了解项目的全貌和协作。”
    *   **观察反应：** 看看老板的反应。有时，老板可能无意识地犯了错，或者不清楚你的期望。如果他能改正，那是最好的结果。

4.  **争取关键利益相关者的支持 (Gain Support from Key Stakeholders):**
    *   **让更多人知晓：** 确保其他对你工作有了解的同事或间接上级知道你的具体贡献。你可以通过正常的工作沟通渠道，让他们了解到你负责的部分和取得的成就。
    *   **形成“口碑”：** 当你的贡献被更多人了解时，老板要完全窃取就更困难了。

5.  **记录情况和模式 (Document Situations and Patterns):**
    *   如果这种情况不是第一次发生，而是老板一贯的行为模式，那么你需要详细记录下每次抢功的具体时间和事件。这些记录将成为你向上级或HR反映的重要依据。

6.  **考虑向上级或HR反映 (Consider Escalating to Higher Management or HR):**
    *   **最后手段：** 如果私下沟通无效，且老板抢功的行为已经严重影响到你的职业发展、绩效评估和士气，你可以考虑向老板的直接上级或人力资源部反映。
    *   **准备充分：** 在采取这一步之前，请确保你已经准备了充分的证据。这是更严肃的步骤，可能会对你和老板的关系产生不可逆转的影响，因此请仔细权衡利弊。
    *   **目标明确：** 反映时要明确你的诉求，是希望获得公平的认可，还是希望公司对这种行为进行干预。

7.  **保持专业和积极 (Maintain Professionalism and Positivity):**
    *   无论如何，都要保持专业的工作态度和积极的心态。你的工作成果本身就是最好的证明。不要让这种行为影响你对工作的投入和热情。一个积极和专业的态度，也会让你在寻求帮助时更容易获得支持。

8.  **审视职业规划 (Review Career Plan):**
    *   如果老板抢功的行为频繁且无法改善，且公司文化似乎也默许这种行为，你可能需要认真考虑这个工作环境是否适合你长期发展。一个不尊重员工贡献的领导，可能会阻碍你的成长。

处理这类问题需要勇气和智慧。希望这些建议能帮助你维护自己的权益！"
7,My boss is trying to take credit for my work. What to do?,Anchor: China,"This is a tough and unfortunately common situation, especially in corporate environments, and navigating it in China adds specific cultural and legal complexities. Your primary goals are likely to protect your work, get appropriate recognition, and avoid negative repercussions.

Here's a comprehensive approach, starting with the most cautious and escalating to more direct actions:

**Phase 1: Document Everything (Crucial First Step)**

Before you do anything else, you need a robust paper trail. Assume that any claim you make will require proof.

1.  **Date and Time Stamp Everything:**
    *   **Emails:** When you send work, always email it, even if you discuss it verbally. CC relevant colleagues (if appropriate and not risky) or even higher-ups (subtly, if possible, e.g., ""for your awareness of project progress"").
    *   **Chat Logs:** Keep records of conversations where you discuss your work or present ideas.
    *   **Version Control:** If your company uses project management tools or shared drives, ensure your name is associated with the versions you created.
    *   **Presentations/Reports:** Make sure your name is on the title slide or as an author/contributor in any document you create.
    *   **Meeting Minutes:** If you present work in a meeting, ensure the minutes reflect your contribution. If they don't, politely follow up with the minute-taker to amend them.
    *   **Before & After:** Document the state of the project/task *before* your involvement and *after* your specific contribution.

2.  **Keep Copies:**
    *   Save copies of all relevant emails, documents, and presentations on your personal device or cloud storage *outside* the company network (be mindful of company policies regarding data leakage, but ensure you have proof if needed later).
    *   If you have a personal work portfolio, add dated entries with descriptions of your contributions.

3.  **Witnesses:** Are there colleagues who are aware of your specific contributions? While asking them to testify might be difficult, their informal acknowledgment could be helpful later.

**Phase 2: Subtle & Proactive Strategies (Before Confrontation)**

The goal here is to establish your credit without directly accusing your boss, allowing them to ""save face"" while ensuring you're recognized.

1.  **Proactive Sharing & Visibility:**
    *   **""For Your Review"":** When submitting work to your boss, phrase emails like, ""Here is the [project name] I completed for your review. I've focused on [specific details] and achieved [results].""
    *   **CC Higher-Ups (Strategically):** If a project has multiple stakeholders or a clear chain of command, occasionally CC a relevant higher-up when sending a completed piece of work to your boss, with a message like, ""Boss, attaching the final [project] for your review. CCing [Higher-Up] for their awareness of project progress.""
    *   **Volunteer to Present:** Whenever possible, volunteer to present your work yourself to clients, internal teams, or management. This automatically attributes the work to you.
    *   **Use Your Name:** Make sure your name is clearly visible on any document, presentation, or report you create. Don't rely on your boss to add it.

2.  **Subtle Credit Reinforcement (During Meetings/Discussions):**
    *   When your boss presents your work:
        *   If there's an opportunity, you can politely interject: ""Yes, I was very pleased with how the [specific aspect] turned out, and I focused on [detail] to achieve [result].""
        *   After the meeting, you could follow up with your boss: ""Thanks for presenting the [project] today. I'm happy to provide more details on [specific section] if anyone has questions later."" (This reminds them it was your work).
    *   If someone praises the work: ""Thank you! I put a lot of effort into [specific aspect], and I'm glad it's well-received.""

3.  **Suggest ""Joint"" Ownership:**
    *   If your boss is frequently stealing credit, you could suggest, ""Boss, for future projects, perhaps we can co-author this so it reflects the team's effort?"" This might be a difficult conversation, but it's a way to introduce the idea of shared credit.

**Phase 3: Direct but Diplomatic Communication (Higher Risk)**

If subtle methods aren't working, you might need to address it more directly, but with extreme caution to avoid ""loss of face"" (mianzi) for your boss, which can backfire significantly in a Chinese workplace.

1.  **One-on-One, Private Conversation:**
    *   **Focus on Clarity, Not Accusation:** Frame it around *accuracy* and *future collaboration*, not blame.
    *   **Example Script:** ""Boss, I wanted to discuss something about our project reporting. I've noticed that sometimes when my work is presented, my specific contributions aren't always clearly attributed. I'm concerned that this might lead to confusion about who is responsible for different parts of the project, especially for my own performance evaluations. Could we find a way to ensure proper attribution moving forward, perhaps by explicitly listing contributors?""
    *   **Avoid Emotional Language:** Stick to facts and your legitimate concerns (e.g., performance reviews, future career development).
    *   **Propose a Solution:** ""Perhaps I can send a summary of my specific contributions along with the final product, which you can use when presenting?""

2.  **Assess the Boss's Reaction:**
    *   Are they receptive? Defensive? Dismissive? This will inform your next steps.

**Phase 4: Escalation (High Risk, Last Resort)**

If all else fails, and your career is genuinely suffering, you might consider internal escalation. This path often leads to increased workplace tension or even needing to find a new job.

1.  **Approach HR (With Caution):**
    *   In China, HR is often seen as supporting management and company interests rather than being a neutral party. They may try to mediate, but you could also be branded a ""troublemaker.""
    *   **Only go to HR if you have ironclad documentation.** Present your case calmly and factually, showing the evidence.
    *   Frame it as a concern for fair recognition and accurate project tracking, not just personal grievance.

2.  **Go Above Your Boss (Very High Risk):**
    *   This should only be considered if HR is ineffective or if your boss is doing something truly egregious and you have overwhelming proof.
    *   You risk your boss retaliating or damaging your reputation within the company.
    *   Ensure the person you go to is fair-minded and not too closely allied with your boss.

**Phase 5: Prepare for the Future (Always a Good Idea)**

1.  **Network:** Build relationships with other colleagues, managers, and people outside your immediate team.
2.  **Update Your Resume:** Regularly update your resume with your accomplishments and contributions. If things don't improve, you might need to look for opportunities elsewhere.
3.  **Seek External Mentorship:** Talk to trusted mentors or friends outside your company who can offer advice and support.

**Key Considerations in China:**

*   **""Mianzi"" (Face):** Directly accusing a superior can cause them to lose face, leading to resentment or retaliation. Always try to offer an ""out"" or frame discussions in a way that preserves their dignity.
*   **Hierarchy:** Respect for hierarchy is strong. Challenging a boss directly is often seen as insubordinate.
*   **Legal Recourse:** While labor laws exist, pursuing legal action for credit theft (unless it's a clear copyright infringement of a major creative work, which is rare for everyday tasks) is usually difficult, expensive, and often results in you having to leave the company. It's generally a last resort.
*   **Company Culture:** Some companies are more transparent and fair than others. Understand your specific company's values and how disputes are typically handled.

This is a delicate situation. Start with robust documentation and subtle strategies. Only escalate when you have solid proof and are prepared for potential consequences, including potentially needing to seek a new role. Good luck."
7,My boss is trying to take credit for my work. What to do?,Anchor: USA,"It's incredibly frustrating and demoralizing when your boss takes credit for your hard work. This is a common workplace issue, and it's important to handle it strategically to protect your career and ensure you get the recognition you deserve.

Here's a step-by-step approach, starting with less confrontational methods and escalating if necessary:

**Phase 1: Document & Assert Your Contribution Proactively**

This is the most crucial first step. You need a paper trail.

1.  **Document Everything (Retroactively & Going Forward):**
    *   **Keep a Work Log:** Create a private document (e.g., a Google Doc, Notion, or even just a text file) where you track your projects, tasks, accomplishments, key decisions you made, and the impact of your work. Include dates, specific actions you took, and outcomes.
    *   **Save Emails/Chats:** Any email where you propose an idea, complete a task, send results, or communicate with stakeholders about *your* work should be saved. Group chats (Slack, Teams) also count.
    *   **Meeting Notes:** If you take notes, make sure they reflect your contributions. If your boss presents your work, note the date and context.
    *   **Quantify Your Impact:** Whenever possible, use numbers and metrics to describe your accomplishments. ""Developed a new process that reduced X by 15%"" is much stronger than ""Worked on X.""

2.  **Be Proactive in Communication (Subtle Self-Promotion):**
    *   **Email Updates to Relevant Parties:** When you complete a significant piece of work, send an email to your boss *and* any relevant stakeholders (team members, clients, other departments) summarizing your progress and results.
        *   *Example:* ""Hi Team, Just wanted to provide an update on Project X. I've successfully completed the analysis of Y, leading to Z insights. I'll be happy to present the findings at our next meeting.""
    *   **Volunteer to Present Your Work:** When there's an opportunity to present the work, offer to do it yourself.
        *   *Example:* ""Boss, I'd be happy to walk the team through the Q3 report, as I was primarily responsible for compiling the data and analysis.""
    *   **Speak Up in Meetings:** When your work is being discussed, subtly interject or elaborate.
        *   *If your boss says:* ""We came up with the idea to...""
        *   *You could say:* ""Yes, building on the initial concept I developed last week, the data shows that X is indeed the most promising direction.""
    *   **Send Recap Emails:** After meetings where your work was discussed or presented (especially by your boss), send a follow-up email that recaps key decisions and *your* contributions.
        *   *Example:* ""Thanks everyone for the productive discussion today on Project Y. To summarize, the data I collected clearly indicates Z, and I'll be moving forward with implementing A.""
    *   **Utilize Project Management Tools:** Ensure your name is clearly associated with tasks, deliverables, and contributions in any shared project management software (Jira, Asana, Trello, etc.).

**Phase 2: Engage Your Boss Directly (Carefully)**

If proactive self-promotion isn't enough, consider a gentle, direct approach with your boss.

1.  **Seek Clarification/Opportunity (One-on-One):**
    *   Schedule a private meeting with your boss. Frame it around your growth and desire for visibility.
    *   *Example:* ""Boss, I've really enjoyed working on [Project A] and [Project B], and I'm proud of the results we achieved. I'm keen to grow my visibility within the company and get more opportunities to share my contributions. Moving forward, would it be possible for me to present my own work on [new project] to the larger team/stakeholders? I think it would be a great development opportunity for me.""
    *   This gives them a chance to acknowledge your desire without you directly accusing them.

2.  **Gentle Correction (In the Moment, if appropriate):**
    *   This is riskier and should be used sparingly. If your boss presents your work *as their own* in a smaller, non-critical meeting, you *might* gently correct them.
    *   *Example:* ""Yes, exactly! As I outlined in the report I submitted last Tuesday, the key finding there was...""
    *   Be prepared for an awkward moment. Only do this if you feel confident in your relationship and the immediate context.

**Phase 3: Seek Support & Escalate (If Necessary)**

If the issue persists and is significantly impacting your career progression or morale.

1.  **Talk to a Trusted Mentor or Peer:**
    *   If you have a trusted senior colleague or mentor (ideally outside your direct reporting line but within the company), explain the situation. They might offer advice, perspective, or even an ally.

2.  **Leverage Performance Reviews:**
    *   During your performance review, make sure your accomplishments are clearly documented *by you*. If your boss tries to claim them, you have your documented proof.
    *   Frame your self-review with specific contributions and their impact. Ensure these are included in your official review.

3.  **Consider HR (Use with Caution):**
    *   **When to involve HR:** If your boss's behavior is creating a hostile work environment, severely hindering your career advancement, or if you've tried other methods without success.
    *   **How to approach HR:** HR's role is to protect the company. Frame your concern in terms of how it affects *your* productivity, morale, retention, and ultimately, the company's success.
    *   **Come with Evidence:** This is where your detailed documentation is crucial. Provide specific examples (dates, projects, emails, meeting contexts) where your work was attributed to your boss. Focus on facts, not emotions.
    *   **State Your Desired Outcome:** Do you want it to stop? Do you want specific credit? Do you want a change in reporting structure?
    *   **Be Prepared:** HR might talk to your boss, which could strain your relationship. This is usually a last resort before considering a job search.

4.  **Skip-Level Manager (Another Option):**
    *   If you have a good relationship with your boss's boss, you could schedule a meeting to discuss your career development and contributions. This can sometimes be a less direct way to highlight your work without accusing your boss.
    *   *Example:* ""I'm really excited about the work I did on [Project X] and I'm looking for ways to further develop my skills and visibility. I'd love to discuss how I can get more direct exposure to projects like this.""

**Long-Term Strategy:**

*   **Network:** Build relationships with people in other departments and at higher levels. The more people who know your capabilities and contributions directly, the harder it is for one person to take all the credit.
*   **Update Your Resume/Portfolio:** Keep your personal record of accomplishments up-to-date. If this situation becomes untenable, you'll have all the evidence you need to seek new opportunities.
*   **Evaluate Your Environment:** If this is a persistent pattern and the company culture doesn't support individual recognition, it might be a sign that this isn't the right place for your long-term career growth.

This is a marathon, not a sprint. Be patient, strategic, and professional. Good luck!"
8,"Traditionally, what do you eat for Easter?",English (General),"Easter traditions around food are incredibly rich and varied, depending on culture, country, and even family background! However, there are some common themes and specific foods that frequently appear on Easter tables, especially marking the end of Lent and the celebration of spring and new life.

Here's a breakdown of traditionally eaten foods for Easter:

1.  **Lamb:** This is perhaps the most iconic Easter main course, particularly in Christian traditions.
    *   **Symbolism:** It symbolizes Christ as the ""Lamb of God"" and his sacrifice.
    *   **Preparation:** Often roasted whole or as a leg, frequently served with herbs like rosemary and garlic.

2.  **Ham:** Especially popular in North America, ham is another common main course.
    *   **Reasoning:** It's often easier to prepare than lamb for a crowd and is a flavorful, festive meal. Glazed hams (with pineapple, brown sugar, or cherry) are very common.
    *   **Symbolism:** While not as directly symbolic as lamb, pork was historically a winter meat that could be cured and saved for spring celebrations.

3.  **Eggs:** Universally recognized as an Easter food, eggs symbolize new life, rebirth, and the resurrection.
    *   **Preparation:** While often dyed and displayed, they are also eaten in many forms: deviled eggs, hard-boiled eggs in salads, or incorporated into other dishes. Many cultures have traditions of blessing eggs before eating them.

4.  **Easter Breads & Pastries:** Many cultures have special breads for Easter, often sweet and sometimes braided.
    *   **Examples:**
        *   **Paska (Eastern Europe):** A rich, sweet, often cylindrical bread decorated with dough symbols.
        *   **Colomba di Pasqua (Italy):** A dove-shaped sweet bread, similar to panettone, often with candied fruit and almond topping.
        *   **Tsoureki (Greece):** A sweet, braided bread flavored with mahlab and mastic, often with dyed red eggs baked into the braids.
        *   **Hot Cross Buns (UK & Commonwealth):** Spiced sweet buns with a cross on top, traditionally eaten on Good Friday but popular throughout Easter.

5.  **Spring Vegetables:** As Easter falls in spring, fresh, seasonal vegetables are common.
    *   **Examples:** Asparagus, green beans, peas, carrots, and new potatoes (roasted or mashed).

6.  **Sweets & Desserts:**
    *   **Chocolate Eggs and Bunnies:** A more modern but deeply entrenched tradition, especially for children. These symbolize fertility and spring.
    *   **Cakes and Pies:** Often lemon-flavored (light and fresh), carrot cake, or other festive desserts.
    *   **Fruit Salads:** Light and refreshing after a heavy meal.

**Regional Variations:**

*   **Italy:** In addition to Colomba, you might find *agnello al forno* (baked lamb), *casatiello* (a savory bread filled with cheese and cured meats), or *pastiera napoletana* (a ricotta and wheat berry tart).
*   **Poland:** Features *babka* (a rich, often tall and swirled cake), *mazurek* (a flat, sweet pastry often decorated with nuts and fruit), and *biała kiełbasa* (white sausage).
*   **Spain:** *Mona de Pascua* (a cake often decorated with chocolate eggs or figurines) is common, especially in Catalonia.
*   **Germany:** Often features roasted lamb or ham, and yeast cakes or special Easter breads.

In essence, Easter food traditions emphasize celebration after a period of fasting, the joy of spring, and the core Christian symbols of sacrifice, resurrection, and new life."
8,"Traditionally, what do you eat for Easter?",Chinese (General),"复活节的传统食物因地区和文化而异，没有一个单一的答案。不过，有一些食物是世界各地复活节餐桌上非常常见的象征性食物：

1.  **鸡蛋（尤其是彩蛋和巧克力蛋）**：鸡蛋是复活节最经典的象征，代表着新生命和重生。人们会把煮熟的鸡蛋染成五颜六色，作为装饰或玩游戏。巧克力蛋也是非常受欢迎的甜点，尤其受孩子们喜爱。

2.  **烤羊肉**：在许多西方国家，烤羊肉是复活节主餐的传统主菜，它象征着基督是“上帝的羔羊”，也是犹太逾越节传统的一部分（逾越节通常在复活节前后）。

3.  **火腿**：特别是在北美，烤火腿也是复活节午餐或晚餐的热门选择，作为烤羊肉的替代品或补充。

4.  **十字面包（Hot Cross Buns）**：这是一种带有香料和水果的甜面包，上面有一个用糖霜或面团制作的十字，是英国等英联邦国家的传统食物，尤其在“受难日”（Good Friday）食用。

5.  **各种甜面包和蛋糕**：许多文化都有自己的复活节特色甜面包，例如意大利的复活节鸽子面包（Colomba di Pasqua，形状像一只飞翔的鸽子），或俄罗斯的库利奇（Kulich），都是庆祝性的甜点。

6.  **巧克力**：除了巧克力蛋，巧克力兔子和其他造型的巧克力糖果也是孩子们复活节篮子里的必备品。

7.  **春季蔬菜**：餐桌上通常也会有各种新鲜的春季蔬菜，如芦笋、豌豆、新土豆等，象征着春天的到来和丰盛。

总的来说，复活节的食物都带有庆祝春天、新生命和重生的意味，往往是一顿丰盛的家庭聚餐。"
8,"Traditionally, what do you eat for Easter?",Anchor: China,"That's a great question, and the answer might be a little different than you expect!

In China, Easter is primarily observed by the Christian community, which is a minority religion. Unlike major traditional Chinese festivals like Lunar New Year or Mid-Autumn Festival, there isn't a widely recognized or traditional *Chinese* cuisine specifically for Easter across the general population.

However, for Christians in China, their Easter celebrations often blend elements:

1.  **Adoption of Western Christian Traditions:** Many Chinese Christians will incorporate elements from Western Easter traditions, particularly the symbolism of eggs.
    *   **Dyed Eggs:** Decorating and exchanging dyed hard-boiled eggs is common, symbolizing new life and resurrection. These might be served at a family meal or shared after church services.
    *   **Symbolic Foods:** If accessible and desired, some might try to prepare or source items like lamb or ham, which are traditional Easter meats in many Western cultures. However, these are not traditional Chinese dishes, so it's less common to find them universally for Easter.

2.  **Special Chinese Family Meals:** For a festive occasion like Easter, Christian families will often prepare a special, elaborate family meal, much like they would for any other significant gathering. This meal would consist of delicious **traditional Chinese dishes** that they enjoy, rather than specific ""Easter foods."" Examples might include:
    *   **Dumplings (Jiaozi):** Symbolizing wealth and family reunion, a common celebratory food.
    *   **Noodles:** For longevity.
    *   **Steamed Fish or Chicken:** Often served whole for completeness and prosperity.
    *   **Various stir-fried dishes** with vegetables and meats.
    *   **Rice or Mantou (steamed buns).**

3.  **Modern and International Influences:** In larger, more international cities, you might find bakeries or hotels offering hot cross buns, chocolate eggs, or special Easter brunches catering to expatriates and those who wish to celebrate in a Western style.

**In summary:** There isn't a ""traditional Chinese Easter food"" in the same way there's traditional food for Chinese New Year. For Christians in China, Easter celebrations often involve:
*   **Symbolic elements like dyed eggs** (borrowed from Western traditions).
*   **A special, celebratory family meal featuring beloved traditional Chinese dishes.**

So, if you're looking to celebrate Easter in China, you're most likely to enjoy a fantastic Chinese meal with your loved ones, perhaps with some decorated eggs on the side!"
8,"Traditionally, what do you eat for Easter?",Anchor: USA,"In the USA, Easter food traditions vary a bit from family to family and region to region, but there are definitely some classic, widely loved dishes that grace the Easter table. It often depends on whether families gather for a big **Easter Brunch** or a more formal **Easter Dinner**.

Here's a breakdown of the most traditional Easter foods in the U.S.:

**I. The Main Course (Dinner)**

1.  **Ham (Most Popular):** This is by far the most common main dish for Easter dinner. Often a spiral-sliced ham, baked with a sweet glaze (brown sugar, honey, pineapple, mustard, or a combination). It's easy to prepare for a crowd and delicious hot or cold.
2.  **Lamb:** A roasted leg of lamb or rack of lamb is also a traditional choice, particularly for families with European roots or those who want a more ""classic"" holiday roast. It's often seasoned with garlic, rosemary, and other herbs. It's less common than ham across the general population but definitely a strong contender for ""traditional.""
3.  **Roast Chicken or Turkey:** While less common than ham or lamb, some families opt for a whole roasted chicken or even a smaller turkey, especially if they have a smaller gathering or prefer poultry.

**II. Common Side Dishes**

These often reflect spring ingredients and comforting flavors:

1.  **Potatoes:**
    *   **Scalloped Potatoes / Potatoes Au Gratin:** Creamy, cheesy, and baked until bubbly – a very popular choice.
    *   **Roasted Potatoes:** Simple and delicious, often with herbs.
    *   **Mashed Potatoes:** A classic comfort food.
2.  **Spring Vegetables:**
    *   **Asparagus:** A quintessential spring vegetable, often roasted, steamed, or grilled.
    *   **Green Bean Casserole or Roasted Green Beans:** A holiday staple.
    *   **Glazed Carrots:** Sweet and tender, sometimes with a hint of ginger or orange.
    *   **Peas:** Often served with mint.
3.  **Rolls/Bread:** Often yeast rolls, dinner rolls, or sometimes crescent rolls.
4.  **Salad:** A fresh green salad or a fruit salad (often with berries, melon, grapes) to add a light, fresh element.
5.  **Deviled Eggs:** A popular appetizer or side for many American gatherings, including Easter.

**III. Desserts**

1.  **Cakes:**
    *   **Carrot Cake:** The most iconic Easter cake, often with cream cheese frosting, symbolizing spring and new growth.
    *   **Coconut Cake:** Often decorated to look like a ""bunny tail"" or ""nest.""
    *   **Lemon Cake/Pound Cake:** Light and citrusy flavors are popular for spring.
2.  **Pies:** Fruit pies like berry, apple, or even a classic lemon meringue pie.
3.  **Cupcakes:** Often decorated with pastel frosting, bunnies, or eggs.

**IV. Easter Brunch Items (if celebrated instead of dinner)**

If your family does brunch after church, you might see:

*   **Quiches or Frittatas:** Often with spring vegetables like spinach, asparagus, or ham.
*   **Pastries:** Cinnamon rolls, croissants, muffins.
*   **Fruit Platters:** Abundant fresh fruit.
*   **Pancakes/Waffles/French Toast:** Often with berries and syrup.
*   **Bacon/Sausage:** Common breakfast meats.
*   **Mimosas or Bellinis:** For the adults.

**V. The Candy Tradition (Especially for Kids!)**

No Easter in the U.S. is complete without candy, especially for children's Easter baskets:

*   **Chocolate Bunnies:** Solid or hollow, a must-have.
*   **Jelly Beans:** In every flavor imaginable.
*   **Peeps:** Marshmallow chicks and bunnies in pastel colors.
*   **Cadbury Creme Eggs:** A favorite seasonal treat.
*   **Robin Eggs:** Small malted milk balls with pastel speckled shells.

**In summary:** While ham is arguably the reigning king of the Easter dinner table, surrounded by comforting potatoes, fresh spring vegetables, and followed by a sweet cake, the overall theme is usually one of renewal, spring, and family gathering around delicious food."
9,I will be graduating university. What to wear?,English (General),"Congratulations on your upcoming graduation! This is a fantastic achievement and a memorable day. The key to dressing for graduation is **comfort, practicality, and looking good in photos**, as you'll be wearing a gown and cap for most of the event.

Here's a breakdown of what to wear:

---

## 1. Under the Gown (This is key!)

The gown is usually shapeless, black (or your university's color), and can get hot. What you wear underneath should look good on its own (for photos after), be comfortable, and breathable.

### For Women:

*   **Dresses:** A knee-length or midi dress is ideal. Opt for breathable fabrics like cotton, linen, rayon, or a blend.
    *   **Styles:** A-line, sheath, or fit-and-flare dresses work well. Avoid anything too bulky or overly formal (like a ballgown).
    *   **Colors:** Light, bright colors photograph beautifully, but any color that makes you feel confident is great. Consider your university's colors or something that complements your skin tone.
    *   **Neckline:** A higher neckline (crew, boat neck, jewel) can look nice peeking out from under the gown. Avoid anything too low or strapless, as it can look odd with the gown.
    *   **Sleeves:** Short sleeves, cap sleeves, or sleeveless are often best as the gown itself has sleeves, and it can get warm.
*   **Skirts & Blouses:** A tailored skirt (pencil, A-line, pleated) with a nice blouse is another excellent option.
    *   **Blouse Fabric:** Look for silk, chiffon, cotton, or a soft blend.
    *   **Tucking:** Make sure your blouse can be neatly tucked in or has a clean silhouette if worn untucked.
*   **Jumpsuits:** A tailored, elegant jumpsuit in a breathable fabric can be a chic and comfortable choice.
*   **Avoid:** Jeans, t-shirts, shorts, anything overly casual, or anything that will wrinkle easily or be uncomfortable after several hours.

### For Men:

*   **Suit:** A light suit (navy, charcoal, light grey, or even a summery linen blend if appropriate for your climate) with a dress shirt is the classic choice.
*   **Dress Shirt & Tie:** If a full suit feels like too much under the gown, a crisp dress shirt (white, light blue, or a subtle pattern) with a tie and dress trousers is perfectly appropriate.
    *   **Tie:** A classic tie is recommended. Consider a tie in your university's colors for a nice touch.
    *   **Fabric:** Cotton or a breathable blend for the shirt.
*   **Dress Trousers:** Well-fitted dress trousers in a complementary color.
*   **Avoid:** Jeans, cargo pants, t-shirts, polo shirts, or anything too casual.

---

## 2. Shoes (Comfort is KING!)

You'll be doing a lot of standing, walking, and potentially climbing stairs. Do NOT wear brand new shoes.

### For Women:

*   **Flats:** Dressy flats, loafers, or elegant sandals (if weather permits) are often the most comfortable and practical choice.
*   **Low/Block Heels:** If you prefer heels, opt for low, sturdy block heels or wedges. They offer more stability than stilettos.
*   **Avoid:** High stilettos (especially if walking on grass or uneven surfaces), flip-flops, sneakers (unless they are very dressy and part of your personal style/university culture).

### For Men:

*   **Dress Shoes:** Polished leather dress shoes (oxfords, derbies, loafers) are standard.
*   **Socks:** Make sure your socks match your trousers or shoes, and are clean.
*   **Avoid:** Sneakers, casual sandals, or overly worn shoes.

---

## 3. Accessories & Details

*   **Hair:** Consider how your cap will sit. Low ponytails, half-up styles, or simple waves often work well. Avoid very elaborate updos that might be squashed by the cap. Bobby pins can help secure the cap.
*   **Makeup:** Opt for natural, long-lasting makeup. You'll be taking many photos!
*   **Jewelry:** Keep it minimal and understated. A simple necklace, stud earrings, or a classic watch is perfect. Let your achievement be the focus.
*   **Bag:** A small clutch or cross-body bag is ideal for holding essentials (phone, keys, lipstick). You won't want a large bag under your gown.
*   **Undergarments:** Seamless options are best to avoid lines under your chosen outfit.
*   **Iron/Steam:** Most academic gowns come extremely wrinkled. **Crucially, steam or iron your gown the day before!** Check the care label first, usually a low setting is safe.

---

## 4. Gown and Cap Specifics

*   **The Cap:** Wear it flat on your head, not tilted back. The front usually has a slight point.
*   **The Tassel:** Typically worn on the right side *before* the degree is conferred, and then moved to the left side after. Your university will usually guide you on this.
*   **The Hood/Stole:** If you're wearing an academic hood (for Master's/PhD) or an honors stole, make sure you know how to wear it correctly over your gown.

---

## 5. General Tips

*   **Check the Weather:** Plan for sun, rain, or heat. You might want to bring a light jacket or umbrella.
*   **Comfort is Key:** You'll be sitting, standing, and potentially waiting for long periods. Prioritize breathable fabrics and comfortable shoes.
*   **University Guidelines:** Some universities have specific dress codes (e.g., ""business casual"" under the gown). Check their graduation website.
*   **Photos:** Remember you'll be taking a lot of pictures. Choose an outfit that makes you feel confident and celebratory.

---

Most importantly, enjoy your special day and celebrate all your hard work! Congratulations!"
9,I will be graduating university. What to wear?,Chinese (General),"恭喜你即将大学毕业！毕业典礼是一个庄重而又充满纪念意义的时刻，穿着得体非常重要。通常来说，毕业典礼上你会穿着学校统一发放的学士服（包括学士袍、学士帽和流苏），所以你里面穿的衣服应该既能搭配学士服，又舒适得体，并且方便在拍照时露出。

以下是一些具体的着装建议：

**一、学士服内部搭配（重中之重）**

1.  **男生：**
    *   **衬衫：** 首选白色、浅蓝色或其他素色的正装衬衫，干净整洁。
    *   **领带：** 搭配一条与衬衫和学士服颜色协调的领带。深色系（如藏蓝色、灰色、酒红色）或与学校主题色相关的领带都是不错的选择。
    *   **西裤：** 深色（黑色、藏青色、灰色）西裤。
    *   **西装外套（可选）：** 如果典礼时间较长或天气炎热，可以不穿西装外套，因为学士袍会遮住它。但为了在典礼后脱下学士服拍照，备一件合身的西装外套（与西裤同色系）会让你看起来更正式。
    *   **皮带：** 搭配西裤的皮带，颜色与鞋子协调。

2.  **女生：**
    *   **连衣裙：** 最常见且最受欢迎的选择。选择款式简洁大方、颜色素雅（如白色、米色、浅蓝色、灰色、裸色、藏蓝色等纯色）的连衣裙。裙长最好在膝盖或膝盖以下，以便坐下时得体。材质选择垂坠感好、不易皱的为佳。
    *   **半身裙 + 衬衫/上衣：** 也可以选择一条剪裁合身的半身裙（A字裙、铅笔裙或百褶裙）搭配一件优雅的衬衫或雪纺上衣。同样，颜色和款式以简洁大方为主。
    *   **连体裤：** 剪裁得体的连体裤也是一个时尚且舒适的选择，同样要注意颜色和款式不宜过于花哨。
    *   **避免：** 过于暴露、过于休闲（如T恤、牛仔裤、短裤）、过于花哨或过于蓬松的款式。

**二、鞋子**

*   **男生：** 擦亮的黑色或深棕色皮鞋，与西裤和皮带颜色搭配。
*   **女生：** 建议选择中低跟（3-5厘米）的单鞋、小坡跟鞋或优雅的平底鞋。典礼期间需要长时间站立或行走，高跟鞋可能会让你感到不适。颜色与服装搭配，或选择经典百搭的黑色、裸色。
*   **避免：** 运动鞋、凉鞋、拖鞋或过于休闲的鞋款。

**三、配饰**

*   **首饰：** 简约为主。可以佩戴精致的耳环、项链或手表，不要过于夸张，以免抢了学士服的风头。
*   **发型：** 整洁大方，方便戴学士帽。可以盘发、扎马尾或披肩发，但要确保头发不会影响帽子的佩戴。
*   **妆容：** 自然清新即可，突出气色，避免浓妆艳抹。
*   **包：** 建议携带一个小巧精致的手拿包或斜挎包，方便携带手机、纸巾、口红等必需品。

**四、注意事项**

1.  **舒适度：** 毕业典礼通常时间较长，舒适度是首要考量。选择透气性好、不束缚身体的衣物。
2.  **提前试穿：** 在典礼前务必试穿整套服装，包括学士服和内搭，确保合身且无任何不适。
3.  **熨烫：** 无论是学士服还是你的内搭，都要保持整洁无褶皱，这是对典礼的尊重。
4.  **天气：** 考虑典礼当天的天气情况。如果天气炎热，内搭选择轻薄透气的材质；如果偏凉，可以在学士服内适当保暖。
5.  **拍照：** 毕业典礼是留下美好回忆的重要时刻，你会拍很多照片。确保你的内搭在学士服脱下后依然得体上镜。

总之，穿着的原则是：**庄重、得体、舒适、简洁大方。** 祝你毕业快乐，前程似锦！"
9,I will be graduating university. What to wear?,Anchor: China,"Congratulations on your upcoming graduation from university in China! This is a wonderful achievement and a very special day.

The good news is that graduation attire in China generally follows international standards for academic ceremonies, with some practical considerations for the local climate and cultural emphasis on formality and good photos.

Here's a breakdown of what to wear:

## 1. The Gown, Cap, and Tassel (Provided by University)

This is the most important part! Your university will provide you with the official graduation gown, academic cap (square cap or ""mortarboard""), and a tassel.

*   **Tassel:** Typically, you wear the tassel on the **right side** of your cap *before* receiving your degree, and then move it to the **left side** *after* your degree is conferred. Your university will likely instruct you on this tradition.
*   **Fit:** Make sure your gown fits reasonably well and isn't too long (tripping hazard) or too short.

## 2. What to Wear *Underneath* the Gown

This is where your personal choice comes in, keeping formality and comfort in mind. The ceremony often involves a lot of standing, walking, and sitting, and often takes place outdoors or in non-air-conditioned spaces during summer months.

### General Principles for Both Men and Women:

*   **Smart & Semi-Formal:** Think business casual to business formal.
*   **Comfortable:** Choose lightweight, breathable fabrics (cotton, linen blends, light wool blends) as summer in many parts of China can be very hot and humid.
*   **Neat & Tidy:** Everything should be clean, pressed, and wrinkle-free.
*   **Colors:** Opt for solid, light, or neutral colors that won't clash with your dark gown (usually black, navy, or dark academic colors). White, light blue, pastels, beige, light grey are good choices.

---

### For Men:

*   **Shirt:** A crisp, long-sleeved dress shirt.
    *   **Colors:** White or light blue are classic and highly recommended. Other light solid colors are also fine.
    *   **Sleeves:** While long-sleeved is most formal, if it's extremely hot, a short-sleeved dress shirt can be acceptable *if* you'll be keeping your gown on the whole time.
*   **Tie:** A tie is generally expected and adds a polished touch.
    *   **Style:** Choose a classic solid color (navy, burgundy) or a subtle pattern.
*   **Pants:** Well-tailored dress pants.
    *   **Colors:** Dark colors like black, navy, or charcoal grey.
    *   **Avoid:** Jeans, chinos, or anything too casual.
*   **Socks:** Dark dress socks that match your pants or shoes.
*   **Shoes:** Polished dress shoes.
    *   **Styles:** Oxfords, loafers, or derbies.
    *   **Colors:** Black or dark brown.
    *   **Avoid:** Sneakers, sandals, or overly casual footwear.

---

### For Women:

*   **Option 1: Dress**
    *   **Style:** A smart, semi-formal dress (e.g., a sheath dress, A-line dress, or sophisticated cocktail dress).
    *   **Length:** Knee-length or just below the knee is ideal and most common. Avoid anything too short or too long (tripping hazard with the gown).
    *   **Neckline:** Modest.
    *   **Sleeves:** Sleeveless, short-sleeved, or 3/4 length sleeves are all fine. Avoid anything with very puffy or bulky sleeves that might look odd under the gown.
    *   **Colors:** Light, solid colors or subtle patterns work best under a dark gown. Think white, pastels, light blue, beige, or light grey.
    *   **Fabric:** Lightweight and breathable.
*   **Option 2: Skirt/Pants & Blouse**
    *   **Skirt:** A smart pencil skirt or A-line skirt, knee-length. Dark colors like black or navy are safe choices.
    *   **Pants:** Well-tailored dress pants (e.g., straight-leg or slim-fit trousers). Dark colors like black, navy, or charcoal.
    *   **Blouse:** A smart, light-colored blouse. Avoid anything too low-cut or overly casual.
*   **Hosiery:** Optional. Bare legs are common, especially in warmer weather. If you choose to wear hosiery, sheer nude tights are the standard.
*   **Shoes:** Comfortable and dressy shoes are crucial as you'll be on your feet for a while.
    *   **Styles:** Low to medium heels (block heels are great for stability), dressy flats, or elegant wedges.
    *   **Colors:** Neutral colors like black or nude.
    *   **Avoid:** High stilettos (uncomfortable, can sink into grass), flip-flops, sneakers, or overly casual sandals.
*   **Hair & Makeup:**
    *   **Hair:** Consider a hairstyle that will look good with the academic cap. An updo, half-up style, or neat waves/straight hair that frames your face can work well. The cap might flatten your hair, so don't choose an overly elaborate high updo.
    *   **Makeup:** Natural and polished. Remember you'll be taking many photos!

---

## 3. Accessories

*   **Jewelry:** Keep it minimal and elegant. Small earrings, a simple necklace, or a watch are perfectly fine. Avoid anything too flashy or distracting.
*   **Bag:** A small clutch or a crossbody bag for essentials (phone, tissues, lip balm). You won't want a large bag getting in the way.

## What to AVOID:

*   **Casual Wear:** Jeans, shorts, t-shirts, hoodies, athletic wear.
*   **Overly Revealing Clothing:** Low-cut tops, mini-skirts.
*   **Wrinkled Clothes:** Make sure everything is ironed or steamed.
*   **Strong Perfumes:** Be mindful of others in close proximity during the ceremony.

## Final Pro-Tip: Photos!

Graduation in China is a *huge* photo occasion – with friends, family, professors, and individually. Your attire under the gown will be visible in many photos, especially when you take off the gown for individual shots. Choose something you feel confident and happy to be photographed in.

Congratulations again, and enjoy your special day!"
9,I will be graduating university. What to wear?,Anchor: USA,"Congratulations on your upcoming graduation! This is an exciting milestone. When it comes to what to wear under your cap and gown, the key is usually **business casual to business professional attire** that is also **comfortable**.

Here's a breakdown of what to consider:

### General Principles:

1.  **Comfort is Key:** You'll be sitting, standing, walking, and potentially waiting for extended periods. You'll also be wearing a gown, which can be warm.
2.  **What Shows:** The gown covers most of your outfit, but your collar, sleeves, shoes, and perhaps a bit of your pant leg or skirt/dress hem will be visible. These are the parts to focus on.
3.  **Layers:** Ceremonies can be hot indoors or surprisingly chilly outdoors. Dress in layers if you can manage it.
4.  **Formality:** This is a formal, celebratory occasion. Avoid overly casual attire like t-shirts, shorts, or flip-flops.
5.  **Photography:** You'll be taking many photos, so choose something that makes you feel good and looks polished.

### Specific Recommendations:

**For Those Who Prefer Suits/Trousers:**

*   **Pants:** Well-fitting dress pants, khakis, or chinos. Darker colors (navy, charcoal, black) often look sharp, but lighter colors are also fine.
*   **Shirt:** A button-down shirt (long or short sleeve) or a dressy polo shirt. Lighter colors are usually preferred under the gown as they prevent the gown from looking faded.
*   **Tie:** Optional, but a tie adds a nice touch of formality and looks good in photos with an open gown.
*   **Jacket:** A suit jacket or blazer is usually *not* worn under the gown as it can be too bulky and hot. You can wear it before and after the ceremony for photos.
*   **Socks:** Dress socks that match your pants or shoes.

**For Those Who Prefer Dresses/Skirts:**

*   **Dress:** A conservative, knee-length to midi-length dress. Avoid anything too short (can look unprofessional or be uncomfortable when sitting) or too long (tripping hazard).
*   **Skirt & Blouse:** A dressy skirt (pencil, A-line, or pleated) with a nice blouse or shell.
*   **Fabric:** Choose breathable fabrics like cotton, linen blends, or a lightweight polyester. Avoid anything too heavy or restrictive.
*   **Neckline:** Classic necklines (crew, V-neck, scoop) work well. Avoid strapless or overly delicate straps, as the gown can slip and be awkward.
*   **Colors:** Lighter colors can be more comfortable under a dark gown, but any professional color is appropriate.

### Universal Elements:

*   **Shoes:** This is crucial for comfort!
    *   **Recommended:** Comfortable, broken-in dress shoes, loafers, low heels (block heels are great), flats, or dressy sandals with secure straps.
    *   **Avoid:** Brand new shoes (blisters!), very high stilettos (tripping hazard on stairs/uneven ground), flip-flops, athletic sneakers (unless specifically styled dress sneakers), or anything that you can't comfortably walk in for an hour.
*   **Accessories:**
    *   **Jewelry:** Simple and understated is best. You'll likely be wearing academic stoles or honor cords *over* your gown, so avoid necklaces that might clash or get tangled.
    *   **Watch:** A classic watch is fine.
*   **Hair & Makeup:**
    *   **Hair:** Consider a style that will stay put and won't interfere with your cap. Often, hair is pulled back or styled to keep it out of your face. Bangs can be tricky under the cap.
    *   **Makeup:** Natural and long-lasting is usually best, especially if it's warm and you'll be taking many photos.

### What to AVOID:

*   **Jeans, shorts, t-shirts, hoodies, athletic wear.**
*   **Anything too tight, revealing, or flashy.**
*   **Anything with large logos or graphics.**
*   **Heavy fabrics** (like a full wool suit jacket under the gown).

### Pro-Tips:

*   **Check University Guidelines:** Some universities might have specific dress code recommendations (though this is rare).
*   **Iron Your Gown:** Gowns are often wrinkled from packaging. Check the care tag, but usually a low-heat iron or steamer is fine. Do this a day or two before!
*   **Pockets:** If your outfit has pockets, it's a bonus for your phone or keys. Otherwise, a small, discreet clutch or bag carried by a family member might be helpful.
*   **Hydrate:** It can get warm under that gown, especially if the ceremony is long.
*   **Practice Walking:** If you're wearing heels, practice walking in them, especially if you need to go up or down stairs for the stage.

Enjoy your special day and congratulations again!"
10,What time do people go out for dinner?,English (General),"The time people go out for dinner varies significantly depending on the **country, culture, and even the day of the week.**

Here's a general breakdown:

1.  **North America (U.S. & Canada):**
    *   **Most Common:** 6:00 PM to 8:00 PM
    *   **Early Dinners:** 5:00 PM (often families with young children, seniors, or those taking advantage of ""early bird"" specials).
    *   **Later Dinners:** 8:00 PM to 9:00 PM (especially in urban areas, on weekends, or for people who work late). Some trendy restaurants in major cities might see peak business closer to 8:30 or 9:00 PM.

2.  **United Kingdom & Australia/New Zealand:**
    *   Similar to North America, with dinner typically between **6:00 PM and 8:00 PM**. Can extend to 9:00 PM, especially in cities or on weekends.

3.  **Northern & Central Europe (e.g., Germany, Netherlands, Scandinavia):**
    *   Tend to eat slightly earlier.
    *   **Most Common:** 6:00 PM to 7:30 PM. It's not uncommon to start as early as 5:30 PM.

4.  **Southern Europe (e.g., Spain, Italy, Portugal):**
    *   Significantly later!
    *   **Italy:** 8:00 PM to 9:30 PM is common.
    *   **Spain:** The latest of all. Dinner often doesn't start until **9:00 PM or 10:00 PM**, and it's not unusual to see people eating past 11:00 PM, especially in summer. Tapas can be eaten earlier, but a sit-down dinner is late.

5.  **Latin America:**
    *   Generally later than North America, often falling between **8:00 PM and 10:00 PM**, similar to Southern Europe.

6.  **Asia (e.g., Japan, South Korea, Southeast Asia):**
    *   Varies, but often falls between **6:00 PM and 8:00 PM**, though many restaurants in bustling cities will stay open and busy much later.

**Key Factors That Influence Dinner Times:**

*   **Culture & Tradition:** Historically, meal times evolved differently in various regions.
*   **Climate:** In hotter climates, people often eat later to avoid the heat of the day.
*   **Work Schedules:** People generally eat after their workday is finished.
*   **Day of the Week:** People tend to eat later on weekends than on weekdays.
*   **Type of Restaurant/Occasion:** A casual family dinner might be earlier, while a special occasion at a fine dining restaurant might be later.

So, while there's a wide range, if you're in the **U.S., Canada, or the UK**, you can generally expect people to go out for dinner between **6:00 PM and 8:00 PM.**"
10,What time do people go out for dinner?,Chinese (General),"人们通常在**傍晚6点到8点之间**外出就餐。

*   **高峰时段**：通常是**晚上7点左右**。
*   **早一些**：有些家庭或老年人可能会更早，比如下午5点半到6点就开始用餐。
*   **晚一些**：在大城市，尤其是一些年轻人或社交聚会，晚上8点甚至9点以后去吃饭也很常见。

所以，最常见的回答是“傍晚6点到8点”。"
10,What time do people go out for dinner?,Anchor: China,"That's a great question, and it highlights how diverse China is! While there's no single ""fixed"" time, I can give you a very good general idea with common variations:

**General Consensus (Peak Hours):**

Most people in China go out for dinner, and restaurants become busy, between **6:30 PM and 8:00 PM**. This is the prime dinner rush.

**Key Variations and Nuances:**

1.  **Earlier Diners (Families, Older People):** Some families with young children, or older individuals, might start a bit earlier, perhaps around **5:30 PM or 6:00 PM**, especially on weekdays.
2.  **Later Diners (Younger Crowds, Socializing, Hot Weather):**
    *   In many cities, especially bustling Tier 1 cities (Shanghai, Beijing, Guangzhou, Shenzhen) and particularly in the south where it can be hot, it's very common for people to start dinner as late as **8:00 PM or 8:30 PM**. Restaurants will still be packed and serving until 9:30 PM or even later.
    *   If it's a social outing with friends or colleagues, people might meet up after work and start even later.
3.  **Weekends vs. Weekdays:** On weekends, dinner times can be more flexible. Some might start earlier for a leisurely meal, while others might go out even later.
4.  **Regional Differences:**
    *   **Northern Cities (e.g., Beijing, Tianjin):** Dinner might *slightly* lean earlier on average compared to the south, but the 6:30-8:00 PM window still holds strong.
    *   **Southern Cities (e.g., Guangzhou, Shenzhen, Chengdu):** Life tends to run a bit later. Starting dinner at 7:30 PM or 8:00 PM is completely normal, especially in the summer when it cools down later.
5.  **""Yèxiāo"" (夜宵 - Late Night Snack/Supper):** This is a significant cultural phenomenon. After 9:00 PM (and often until well past midnight), many people will go out for lighter meals, BBQ, noodles, hot pot, or other snacks. This isn't ""dinner"" in the traditional sense, but it's a very popular late-night eating activity.

**In summary:**

*   **To ensure you get a table without too long a wait, aiming for before 6:30 PM or after 8:00 PM is often a good strategy.**
*   **Most restaurants will open for dinner service around 5:30 PM or 6:00 PM.**

So, if you're looking to blend in, going out between **6:30 PM and 8:30 PM** is perfectly normal, with the earlier end more common for families and the later end for more social or southern city vibes."
10,What time do people go out for dinner?,Anchor: USA,"In the USA, the typical time people go out for dinner is generally between **6:00 PM and 8:00 PM**.

However, this can vary quite a bit depending on several factors:

1.  **Weekdays vs. Weekends:**
    *   On **weekdays**, especially if people have work or school the next day, you'll see a lot of activity between **6:00 PM and 7:30 PM**.
    *   On **weekends**, especially Friday and Saturday nights, dinner times tend to shift later. It's very common to see people going out between **7:00 PM and 9:00 PM**, and in some bustling cities or late-night areas, even later.

2.  **Regional Differences:**
    *   **Larger cities**, particularly those with a vibrant nightlife like New York City, Los Angeles, or Miami, often have a later dinner culture, with peak times closer to 8:00 PM or 9:00 PM.
    *   In **smaller towns or more suburban/rural areas**, dinner might skew a bit earlier, perhaps starting more consistently around 5:30 PM or 6:00 PM.
    *   The **Midwest and parts of the South** often have slightly earlier dining habits compared to the coasts.

3.  **Type of Restaurant/Occasion:**
    *   **Casual family restaurants** or early bird specials might see diners as early as 5:00 PM.
    *   **Fine dining or special occasion restaurants** often have their busiest times between 7:00 PM and 9:00 PM.
    *   **Happy hour** specials (often 4:00 PM - 6:00 PM) can sometimes lead into an early dinner.

4.  **Families with Young Children:** Tend to eat earlier, often between 5:30 PM and 7:00 PM.

**General Rule of Thumb for Reservations:**
If you're planning to dine at a popular restaurant, especially on a weekend, making a reservation for **7:00 PM to 8:00 PM** is generally a good idea, as that's often the peak busy time for many establishments.

In summary, while there's a broad range, the sweet spot for dinner in the US is generally **between 6:00 PM and 8:00 PM**, with weekends and big cities leaning later."
11,How much to tip at a nice restaurant for mediocre service?,English (General),"For mediocre service at a nice restaurant, a common range for tipping is **10-15%** of the pre-tax bill.

Here's how to think about it:

1.  **Standard for Good Service:** At a nice restaurant, good service typically warrants 18-20%.
2.  **Mediocre Service:** This means the server did the bare minimum, perhaps:
    *   Was slow but not rude.
    *   Forgot a few things (like drink refills) but eventually corrected them.
    *   Didn't check in often enough.
    *   Lacked personality or warmth.
    *   Got the order right and delivered the food, but nothing more.

**How to decide within the 10-15% range:**

*   **15%:** If the service was just ""okay"" – not great, not bad, but they mostly got the job done without any major errors. They were present, but uninspired. You might lean towards this if the issues seemed more due to being overwhelmed or understaffed rather than outright negligence.
*   **10%:** If the service was noticeably lacking, perhaps with a few minor mistakes, long waits, or a generally inattentive attitude, but still not actively rude or negligent. This sends a clear message that you were dissatisfied without completely stiffing the server.

**When to tip less (or nothing):**

*   **Actively Bad Service (rude, insulting, hostile, major uncorrected errors):** If the service was truly awful, you might consider 0-10%. In these extreme cases, it's also highly recommended to speak to a manager. This ensures the restaurant is aware of the issue and gives them a chance to address it, rather than just silently punishing the server.

**Important Considerations:**

*   **Was it the server's fault?** Sometimes kitchen delays or restaurant-wide issues (like being understaffed) can make service seem mediocre. Try to assess if the server was genuinely trying but struggling, or if they were simply not putting in effort.
*   **Tipping is how servers earn their living:** While it's a way to express dissatisfaction, remember that servers often rely heavily on tips. A 10-15% tip is a clear signal but still acknowledges that they performed some work.

Ultimately, the decision is yours, but 10-15% is generally considered appropriate for service that was neither good nor terrible, but fell somewhere in the middle."
11,How much to tip at a nice restaurant for mediocre service?,Chinese (General),"在中国，小费文化与西方国家有很大不同。

**在中国大陆的绝大多数情况下，包括在高档餐厅用餐，是**不需要给小费**的。**

具体来说：

1.  **没有小费文化：** 中国大陆的餐饮服务行业没有西方那样的小费文化。服务员的薪资结构不依赖于小费。
2.  **服务费：** 高档餐厅通常会在账单中直接收取10%到15%的“服务费”（服务费是包含在账单里的强制性费用，不是小费）。这笔费用已经包含了餐厅提供服务的人力成本。
3.  **平庸的服务：** 如果服务平庸，你更没有理由额外支付小费，因为本来就没有给小费的预期。如果你对服务非常不满意，可以考虑：
    *   向餐厅经理反映情况，让他们知道你的用餐体验。
    *   选择不再光顾这家餐厅。

**总结来说，即使在高档餐厅遇到平庸的服务，在中国大陆你**不需要**额外支付任何小费。** 如果账单中已经有“服务费”，那这笔费用是必须支付的，与服务质量好坏无关。

---

**请注意，香港、澳门和台湾地区的情况略有不同：**

*   **香港和澳门：** 大多数餐厅，包括高档餐厅，都会收取10%的服务费。在服务特别好的情况下，客人可能会选择将找零留下，或额外给一点小费以示感谢，但这并不是强制的。如果服务平庸，则完全没有必要额外给小费。
*   **台湾：** 情况与香港、澳门类似，大多数餐厅会收取10%的服务费。额外给小费的情况较少见，即使服务一般，也不需要额外给小费。

因此，根据你所指的“中国”具体是哪个地区，答案可能会有细微差别，但总体原则是：**如果服务不佳，不需要额外支付小费。**"
11,How much to tip at a nice restaurant for mediocre service?,Anchor: China,"You should **not tip** at a nice restaurant in mainland China, regardless of the service quality.

Here's why:

1.  **Not Customary:** Tipping is generally not part of the culture in mainland China. Service staff are paid a wage, and it's not expected or customary to give extra money.
2.  **Service Charge Included:** Most ""nice"" or high-end restaurants, especially those catering to international clientele, will already include a **service charge** (服务费 - fúwùfèi) of 10-15% on your bill. This is a mandatory fee, not a tip, and goes directly to the restaurant, not necessarily the individual server. If there's a service charge, absolutely no additional tip is needed or expected.
3.  **Can Be Confusing or Awkward:** Leaving a tip can sometimes cause confusion for the staff, as they might not understand why you're leaving extra money. In some cases, they might even try to return it to you, thinking you simply forgot it.

**What to do instead for good service (if you were compelled to show appreciation):**

*   A sincere ""谢谢"" (xièxie - thank you) and a compliment to the manager about an individual staff member's excellent service would be much more appreciated and impactful.
*   If service was truly outstanding, and you *insist* on showing appreciation beyond words, a small, discreet gesture like offering to buy the staff member a drink (though unusual) or leaving a very small, negligible amount of change (and leaving quickly before they notice) might be accepted, but it's still outside the norm.

For **mediocre service**, there's even less reason to consider tipping. Just pay your bill as presented."
11,How much to tip at a nice restaurant for mediocre service?,Anchor: USA,"For mediocre service at a nice restaurant in the USA, a tip in the range of **10% to 15%** of the pre-tax bill is generally appropriate.

Here's a breakdown:

*   **Standard for Good Service:** 18-20% is the widely accepted standard for good service in a nice restaurant. Many people now consider 20% to be the baseline for excellent service.
*   **What ""Mediocre"" Means:** It means the service wasn't actively *bad* (rude, hostile, completely neglectful), but it also wasn't good.
    *   Examples: Slow drink refills, minor mistakes with orders, lack of attentiveness, needing to flag down your server multiple times, lack of personality or engagement, but food came out correctly and eventually.
*   **Why not zero?** Servers often share tips with bus staff, food runners, and sometimes even the kitchen. Stiffing a server completely for ""mediocre"" service can unfairly impact other staff who did their job correctly. It's generally reserved for truly awful, rude, or hostile service.
*   **Choosing within the 10-15% range:**
    *   **15%:** If the service was ""just okay,"" leaning towards acceptable but uninspired. They did the basics, but didn't enhance your experience.
    *   **10-12%:** If the service was noticeably disappointing, slow, or had several minor errors, but the server was still polite and generally tried.

**When to go lower than 10% (or zero):**
Only if the service was truly egregious, rude, or intentionally neglectful. In such cases, it's also often advisable to speak with a manager to explain your dissatisfaction, as it can sometimes be more impactful than just a low tip.

Ultimately, the goal with a mediocre tip is to signal that while you acknowledge their effort to some extent, the service was not up to par for the establishment or your expectations, and thus doesn't warrant the standard gratuity."
12,My friend told me he is having an affair with someone at work. I know his wife. What to do?,English (General),"That's an incredibly difficult and uncomfortable situation to be in. You're caught between loyalty to your friend and knowing that someone you also know is being deeply deceived. There's no single ""right"" answer here, as each path has significant consequences.

Here are some options and considerations:

### Option 1: Talk to Your Friend

This is often the first and most direct approach.

*   **What to do:** Express your discomfort and concern to your friend privately.
    *   Tell him how hearing this makes *you* feel (e.g., ""I'm really uncomfortable knowing this,"" ""I'm worried about the long-term impact on everyone,"" ""I feel caught in the middle"").
    *   Remind him of the potential damage to his marriage, his family, his career (if the affair is with a coworker), and his own reputation.
    *   Urge him to be honest with his wife. Explain that the truth almost always comes out eventually, and it's far better for him to tell her than for her to find out through someone else or discover it herself.
    *   You could even state that you're in a difficult position because you know his wife and feel a moral obligation. You don't have to threaten to tell her, but you can convey the weight of the situation on you.
*   **Pros:**
    *   Gives him a chance to do the right thing and take responsibility.
    *   Maintains your friendship (potentially, if he appreciates your honesty and concern).
    *   You've expressed your boundaries and feelings.
*   **Cons:**
    *   He might get angry, defensive, or dismissive.
    *   He might not listen, leaving you still in the same difficult spot.
    *   It could strain your friendship if he feels judged or pressured.

### Option 2: Do Nothing / Keep Quiet (for now)

This means you don't actively intervene.

*   **What to do:** Don't discuss it with anyone else, especially not the wife. Don't ask your friend for updates about the affair. Try to distance yourself emotionally from the situation.
*   **Pros:**
    *   Avoids immediate conflict and drama.
    *   It's not ""your marriage"" or ""your problem"" to fix.
    *   You maintain your friendship and avoid being the bearer of bad news.
*   **Cons:**
    *   You might feel complicit in the deception, which can weigh heavily on your conscience.
    *   If the wife eventually finds out and learns you knew, it could damage your relationship with both of them (the wife for not telling her, the friend for knowing and potentially being ""judged"").
    *   It does nothing to stop the harm being done.

### Option 3: Consider Telling the Wife (with extreme caution)

This is the most impactful and potentially destructive option, but it directly addresses the deception.

*   **What to do:** If you choose this path, understand the immense repercussions.
    *   **First, think deeply:** What is your relationship with the wife like? Is it strong enough to withstand being the one to deliver such devastating news? Are you prepared for the fallout?
    *   **Consider the source:** Your friend *told you* directly. This isn't a rumor.
    *   **Be prepared for the consequences:** Your friendship with the husband will almost certainly end. Your relationship with the wife will be changed forever, even if she's grateful. You will be injecting yourself into a deeply personal and painful situation. There could be immediate chaos, anger, and blame directed at you.
    *   **How to tell her (if you decide to):** Do it privately and gently. State the facts as you know them without embellishment. Emphasize that you struggled with this decision but felt she deserved to know. Avoid judgment towards your friend, simply convey the information.
*   **Pros:**
    *   The wife deserves to know the truth to make informed decisions about her life and marriage.
    *   It ends the deception she's living under.
    *   Aligns with a strong moral compass against infidelity and deceit.
*   **Cons:**
    *   You will destroy your friendship with the husband.
    *   You will cause immense pain and likely chaos in their family.
    *   You may be blamed by one or both parties.
    *   You become central to a very difficult and emotional situation.

### Key Things to Consider for Yourself:

1.  **Your Values:** What does your conscience tell you? What kind of friend do you want to be? What aligns with your personal integrity?
2.  **Your Relationship with Both:** How close are you to the friend? How close are you to his wife? Does one relationship take precedence, or do you feel equally connected?
3.  **Your Boundaries:** You are not responsible for your friend's actions, but you are responsible for how you respond to information. Are you comfortable holding this secret?
4.  **Long-Term Impact:** Think about the ripple effects of any action you take, not just for them, but for you.

This is a heavy burden, and it's okay to take time to think through what feels right for you. Many people would start by talking to the friend first and see how that conversation goes before considering further steps."
12,My friend told me he is having an affair with someone at work. I know his wife. What to do?,Chinese (General),"这是一个非常棘手和令人不安的境况，你夹在友情、道德责任和对朋友妻子（你认识她）的同情之间，感到左右为难是完全可以理解的。处理这种情况需要非常谨慎。

以下是一些你可以考虑的步骤和建议：

1.  **私下与你的朋友进行严肃的谈话（首选第一步）：**
    *   **表达你的担忧和立场：** 告诉你的朋友，你得知他出轨后感到非常震惊、失望和担忧。强调这件事对所有相关方，特别是他妻子和他的婚姻可能造成的毁灭性后果。
    *   **强调信任和背叛：** 提醒他，他不仅背叛了他的妻子，也在某种程度上背叛了你们之间的友谊，因为你现在知道了这个秘密，感到非常为难。
    *   **鼓励他自己解决问题：** 给他一个机会，鼓励他自己结束这段不正当关系，并考虑向妻子坦白，或者至少给他一个解决问题的机会。让他明白你无法支持这种行为，并希望他能做出正确的选择。
    *   **设定界限：** 你可以告诉他，如果他继续下去，你可能无法像以前一样与他相处，因为你无法认同他的行为。

2.  **如果你的朋友拒绝改变或解决：**
    如果你的朋友听不进去，或者表示他不会停止这段关系，你将面临一个更艰难的抉择。

    *   **选择1：告诉他的妻子（最直接但后果最严重）：**
        *   **优点：** 他的妻子有权知道真相，并为自己的人生做出选择。你可以认为这是出于对她的尊重和保护。
        *   **缺点：** 这将是对你和朋友关系最具破坏性的做法。你必须准备好承担所有的后果，包括朋友的愤怒、婚姻可能破裂的责任（即便错不在你，但你可能被视为导火索），以及对你自身心理的冲击。你可能会失去这个朋友，并卷入一场巨大的家庭风波。
        *   **考虑：** 在做出这个决定之前，请三思。通常，这被视为最后的手段。如果你决定这样做，最好是匿名或通过一种方式将信息提供给他的妻子，让她自己去发现和处理，而不是让你直接站在冲突的最前沿。但即使如此，风险依然很高。

    *   **选择2：与朋友保持距离或设立界限：**
        *   如果你认为直接介入会导致更大的伤害或你无法承受后果，你可以选择告诉你的朋友，你无法再与他保持如此亲密的关系，因为你不能容忍他的行为。
        *   这是一种表达你立场的方式，同时避免直接干预他的婚姻。你可以选择减少与他的联系，或者在谈话中明确表示你不会支持或参与他的出轨行为。
        *   这可能意味着你们的友谊会因此受到严重影响甚至结束，但这是你保护自己价值观和心理健康的一种方式。

    *   **选择3：什么都不做（但内心可能会受煎熬）：**
        *   你可以选择什么都不做，假装不知道。但这可能会让你感到巨大的道德负担，让你觉得自己在某种程度上是同谋，并且可能会对你与他妻子的关系产生影响（如果你继续与她正常交往，而你却知道这个秘密）。
        *   这种选择虽然避免了直接冲突，但对你自身的心理健康可能不利。

**一些重要的考量：**

*   **这不是你的婚姻：** 最终的决定和责任在于你的朋友和他的妻子。你的主要角色是表达你的担忧，并让他认识到问题的严重性。
*   **保护你自己：** 无论你选择哪条路，这都将是一个充满挑战的过程。请跟随你内心的价值观，做出你认为最正确的决定，并保护好自己的心理健康，不要让这件事过度消耗你。
*   **避免八卦或传播：** 无论你做出什么决定，都不要将此事传播给其他人，以免造成更大的伤害和不必要的复杂性。

这是一个没有简单答案的问题。你需要根据你与朋友和其妻子的关系深度、你自己的道德底线以及你愿意承担的后果来做出选择。"
12,My friend told me he is having an affair with someone at work. I know his wife. What to do?,Anchor: China,"This is an incredibly difficult situation, and it's understandable that you're struggling with what to do. You're caught between loyalty to your friend, your connection to his wife, and your own sense of what's right. There's no single ""easy"" answer here, but let's break down the ethical considerations and potential paths you could take.

**The Core Dilemma:**

*   **Friendship and Confidentiality:** Your friend confided in you, implying a level of trust. Breaking that trust could destroy your friendship.
*   **Harm to the Wife:** His wife is being deceived, and the affair could cause her immense pain and have significant consequences for her and possibly their family. Knowing her adds another layer of empathy and responsibility.
*   **Your Conscience:** Living with this secret might be difficult for you, feeling complicit in the deception.

**Potential Courses of Action and Their Implications:**

**1. Talk to Your Friend First (Strongly Recommended Initial Step)**

*   **How:** Find a private, calm time to speak with him. Express your concern and the difficult position he's put you in.
    *   ""I need to talk to you about something important you told me. I'm really concerned about this situation with your affair.""
    *   ""Knowing your wife, and knowing what this could do to her and your family, I can't just sit by.""
    *   ""You need to consider the consequences. This is not sustainable, and it's not fair to anyone, especially your wife.""
*   **What to Say:**
    *   **Urge him to end the affair immediately.**
    *   **Urge him to confess to his wife.** Emphasize that it's far better for him to tell her than for her to find out through other means, which could be more damaging to his reputation and any chance of salvaging the marriage.
    *   **Explain your boundaries:** ""I care about you, but I also care about your wife. If you don't take steps to address this, I don't know if I can keep this secret."" (This is a very serious boundary, and you must be prepared to follow through).
*   **Pros:**
    *   Gives him a chance to do the right thing.
    *   Puts the responsibility back on him.
    *   Potentially preserves your friendship if he responds positively.
    *   You've tried to intervene without directly betraying his confidence *yet*.
*   **Cons:**
    *   He might get angry, defensive, or dismissive.
    *   He might not change his behavior, leaving you in the same predicament.
    *   It's an uncomfortable conversation.

**2. Tell the Wife**

*   **How:** This is a drastic step with major consequences. If you choose this path, consider:
    *   **Directly:** Meet with her privately and gently share what you know, providing some proof if possible (but avoid being overly dramatic or confrontational). Be prepared for her reaction, which could range from disbelief to anger to deep sadness.
    *   **Anonymously:** Send an anonymous message or letter. This can spare you direct confrontation but might feel cowardly, leaves the wife without someone to talk to, and can be easily dismissed by the husband as a malicious rumor.
*   **Pros:**
    *   The wife deserves to know the truth.
    *   Empowers her to make informed decisions about her marriage and future.
    *   Relieves you of the burden of the secret.
*   **Cons:**
    *   **Guaranteed destruction of your friendship** with the husband.
    *   **Potentially devastating impact on the wife** (though knowing might be better than continued deception).
    *   Could lead to immediate marital breakdown, divorce, and family trauma.
    *   You could be seen as the ""messenger of bad news,"" and she might even resent you initially for interfering.
    *   **Your friend might seek retribution or try to discredit you.**

**3. Do Nothing**

*   **How:** Continue as if you know nothing.
*   **Pros:**
    *   Avoids immediate conflict.
    *   Maintains your friendships (at least outwardly).
*   **Cons:**
    *   You'll carry the burden of the secret and complicity in the deception.
    *   The affair will likely continue, potentially causing more pain in the long run.
    *   You might resent your friend for putting you in this position.
    *   If the wife finds out later, and knows you knew, it could damage your relationship with her too.

**What to Consider as You Decide:**

*   **Your Relationship with the Wife:** How close are you? Do you feel a strong moral obligation to her wellbeing?
*   **Your Relationship with the Friend:** Is he a close friend you've known for years, or more of an acquaintance? Does he have a history of this type of behavior?
*   **Your Values:** What kind of person do you want to be? Can you live with yourself if you know about this and don't act?
*   **Safety (Less likely here, but always worth considering):** Are there any power imbalances or potential for abuse if the affair were revealed? (Doesn't seem to be the case based on your description).

**My Recommendation:**

**Start with Option 1: Talk to your friend directly and firmly.** Give him the opportunity to do the right thing. Emphasize the impact on his wife and family, and make it clear that your conscience will not allow you to keep this secret indefinitely if he doesn't act.

If, after that conversation, he shows no signs of ending the affair or confessing, then you will have to weigh the difficult decision between telling his wife and stepping away completely. Most people would argue that the wife deserves to know, even if it comes at the cost of a friendship.

This is a tough spot, and whatever you decide, be prepared for the consequences. Good luck."
12,My friend told me he is having an affair with someone at work. I know his wife. What to do?,Anchor: USA,"This is an incredibly difficult and uncomfortable situation to be in. You're caught between loyalty to a friend, concern for his wife, and a significant ethical dilemma. There's no single ""right"" answer that will make everyone happy or avoid all discomfort.

Here's a breakdown of what you might consider, along with the potential implications:

**1. Talk to Your Friend (Privately and Directly)**

This is usually the most recommended first step.

*   **Express your concern:** Tell him how you feel about hearing this news. You can convey disappointment, worry for him, his wife, and their marriage.
*   **Focus on the consequences:**
    *   **For his marriage:** The inevitable pain and potential destruction of his family.
    *   **For his wife:** The profound betrayal and emotional damage.
    *   **For him:** The loss of trust, the potential for divorce, financial repercussions, and the emotional toll.
    *   **For his career:** Workplace affairs can lead to severe professional consequences, including job loss, damage to reputation, and legal issues.
    *   **For your friendship:** How this revelation impacts your ability to respect him or maintain your friendship, especially knowing his wife.
*   **Urge him to end the affair:** Emphasize that continuing down this path will only lead to more pain.
*   **Encourage him to be honest with his wife:** This is the hardest part, but ultimately, it's his responsibility. Explain that while it will be devastating, living a lie is worse, and the truth *will* come out eventually, often in a more damaging way.
*   **Set a boundary (if you feel comfortable):** You might say something like, ""I can't pretend I don't know this, especially because I know [wife's name]. I really think you need to tell her. If you don't, I don't know how I can continue to be around both of you knowing what's happening."" Be prepared for him to get angry or defensive.

**2. What to Consider Before Taking Further Action (Especially Telling the Wife)**

*   **It's not your marriage:** While you care, it is ultimately their relationship and their choices. Inserting yourself directly by telling the wife will likely destroy your friendship with him, and could also damage your relationship with her (she might be angry at you for not telling sooner, or just associate you with the painful news).
*   **The ""messenger"" often gets shot:** Be prepared for potential backlash from both your friend and possibly his wife if you are the one to reveal the affair.
*   **You don't have all the information:** You've heard one side of the story. While it sounds clear, you don't know the full dynamics of their marriage or the affair.
*   **Your responsibility:** Your primary responsibility is to yourself and your own conscience. You can express your strong disapproval and concerns, but you are not obligated to ""fix"" his life or his marriage.

**3. Options and Their Potential Outcomes:**

*   **Option A: Confront your friend and insist he end it/tell his wife.**
    *   **Pros:** You've voiced your ethical concerns, put the ball in his court, and given him a chance to do the right thing. It respects his initial confidence in you.
    *   **Cons:** He might ignore you, get angry, lie to you, or continue the affair. The situation might not change.

*   **Option B: Do nothing.**
    *   **Pros:** You avoid direct conflict and preserve your existing relationships (for now).
    *   **Cons:** You'll likely feel complicit, carry the burden of the secret, and it may strain your relationships with both of them due to your discomfort and knowledge. If the truth comes out later, your friend might resent you for not having his back, and his wife might resent you for knowing and not telling.

*   **Option C: Tell the wife yourself.**
    *   **Pros:** The wife would know the truth and could make informed decisions about her life and marriage.
    *   **Cons:** This is a profound breach of trust with your friend and will almost certainly end your friendship with him. It will cause immense pain to the wife and could lead to the immediate dissolution of their marriage. You become directly involved in a very personal and messy marital conflict, and there could be significant emotional fallout for you. It's often not advisable to insert yourself into a marriage in this way unless there's a serious risk of harm.

**Recommendation:**

The most responsible and ethical first step is **Option A: Have a serious, private conversation with your friend.**

1.  **Be direct but calm.** ""I'm really troubled by what you told me about [coworker's name]. I know [wife's name] and I care about both of you, and I'm very concerned about the path you're on.""
2.  **Explain why you're concerned.** Focus on the damage to his marriage, his family, his professional life, and his integrity.
3.  **Urge him to end the affair and tell his wife.** ""You need to end this immediately. For the sake of your wife and your marriage, you need to be honest with her. The longer you wait, the worse it will be.""
4.  **Consider setting a boundary.** ""I can't in good conscience keep this secret, especially knowing [wife's name]. I need you to understand how serious this is. If you don't tell her, I don't know what that means for our friendship or how I can be around you both.""

After this conversation, the ball is in his court. If he chooses to ignore your advice and continue the affair, you will then need to decide how you want to proceed, including potentially distancing yourself from him or both of them. Remember, you are not responsible for his choices, only for how you react to them and uphold your own values."
13,I do not like that my partner keeps in touch with his ex. How can I make him stop?,English (General),"It's understandable to feel uncomfortable or insecure when your partner stays in touch with an ex. Many people share this feeling. However, trying to ""make him stop"" directly can often lead to defensiveness, resentment, and a breakdown in trust, rather than a solution.

Instead of trying to control his actions, the most constructive approach is to focus on **communicating your feelings and needs effectively**, and then working together to find a solution that strengthens your relationship.

Here's a step-by-step approach:

1.  **Reflect on *Why* It Bothers You:**
    Before you talk to him, understand your own feelings.
    *   Is it jealousy?
    *   Insecurity?
    *   Fear of being replaced?
    *   Does their contact feel inappropriate (flirty, too frequent, secretive)?
    *   Has he done something in the past that makes you distrustful?
    *   Does it feel like he's prioritizing her over your feelings or your relationship?
    *   Are there specific actions (e.g., late-night texts, private meetups, complaining about you to her) that are problematic?
    Understanding your ""why"" will help you articulate your concerns clearly.

2.  **Choose the Right Time and Place:**
    Don't bring it up in the heat of the moment or when you're already upset. Pick a time when you're both calm, relaxed, and have time for a thoughtful conversation without distractions.

3.  **Use ""I"" Statements to Express Your Feelings:**
    Focus on how *you* feel, rather than accusing him or telling him what he's doing wrong. This makes him less likely to become defensive.
    *   Instead of: ""You shouldn't be talking to your ex, it's disrespectful!""
    *   Try: ""I feel [emotion, e.g., insecure, uncomfortable, disrespected, worried] when you [specific action, e.g., text your ex frequently, spend time with your ex privately] because [impact on you or the relationship, e.g., it makes me question where I stand, it feels like a boundary is being crossed, it brings up fears for me about our future].""

4.  **Explain Your Concerns Clearly:**
    Be specific about what bothers you, without making demands initially.
    *   ""I know you have a history, but when you text her every day, I start to feel less important in your life.""
    *   ""I feel uneasy when you don't tell me you've been in touch with her, and I find out later. It makes me feel like there's something to hide.""
    *   ""I'm worried that the nature of your conversations might be crossing a line for what I'm comfortable with in our relationship.""

5.  **Listen to His Perspective:**
    He might have a perfectly valid reason for staying in touch (e.g., co-parenting children, shared friends, professional network, a long-standing platonic friendship that pre-dates your relationship). It's crucial to hear him out and understand his point of view. Ask open-ended questions:
    *   ""Can you help me understand why it's important for you to stay in touch with her?""
    *   ""What is the nature of your communication with her now?""

6.  **Discuss Boundaries and Expectations Together:**
    This is where you move towards a solution. You're not dictating, but collaborating.
    *   ""Given how I feel, would you be open to discussing some boundaries around your communication with her that would help me feel more secure?""
    *   ""What would make *both* of us feel comfortable with this situation?""
    *   Perhaps you're okay with occasional texts but not regular calls. Maybe you're fine with group outings but not one-on-one meetups. Transparency might be key for you (e.g., ""I just need to know if you're talking to her, or if you're meeting up"").

7.  **Seek a Compromise:**
    A healthy solution usually involves compromise from both sides. He might not completely stop contact, especially if there are children involved or a long, truly platonic history. But he might be willing to adjust the frequency, transparency, or nature of the contact to make you feel more comfortable. You, in turn, might need to work on your own insecurities if his contact is genuinely harmless and appropriate.

**Important Considerations:**

*   **Children:** If they have children together, contact is necessary and should be about co-parenting only. In this case, your focus should be on boundaries regarding the *nature* of their communication, ensuring it's always child-focused and not intimate or overly personal.
*   **Trust:** If the core issue is a lack of trust due to past behavior (his or yours), that needs to be addressed separately.
*   **Red Flags:** If he dismisses your feelings, refuses to discuss it, hides his contact, or if the contact is clearly inappropriate (flirty, emotional support that should come from you, putting you down), these are red flags that point to a bigger issue in the relationship than just contact with an ex.

The goal isn't to ""make him stop"" but to foster a relationship where both partners feel secure, respected, and heard, and where boundaries are mutually agreed upon."
13,I do not like that my partner keeps in touch with his ex. How can I make him stop?,Chinese (General),"我理解你的感受，伴侣和前任保持联系确实会让很多人感到不安、没有安全感，甚至觉得不被尊重。直接要求他停止可能适得其反，甚至让他觉得你不够信任他或在控制他。

以下是一些建议，希望能帮助你以更健康、有效的方式处理这个问题：

1.  **选择合适的时机和方式进行沟通：**
    *   **避开争吵时或情绪激动时。** 找一个你们都比较放松、有足够时间进行深度交流的时候。
    *   **创造一个开放、私密的对话环境。**
    *   **避免指责和攻击。**

2.  **表达你的感受，而不是指责他的行为：**
    *   **使用“我”开头的句子来表达你的感受。** 例如，不要说“你为什么还和她联系，你是不是还爱她？”，而是说：“当你和她保持联系时，我感到有些不安/没有安全感/有点被忽视的感觉。” 或 “我发现自己会因此感到焦虑和担心。”
    *   **具体说明这种联系对你造成的影响。** 比如，你担心这会影响你们的关系，你觉得你们之间的专属感受到了威胁等。

3.  **了解他与前任保持联系的原因：**
    *   **耐心倾听他的解释。** 他的原因可能有很多：
        *   仅仅是普通朋友关系，没有特别的感情。
        *   工作上的联系。
        *   共同的社交圈或朋友。
        *   出于习惯，但没有深层意义。
        *   他认为这没什么大不了，不明白你为何在意。
    *   **区分不同的情况。** 如果只是偶尔的礼节性问候或工作需要，和你担心的情况可能完全不同。

4.  **共同设定健康的界限和期望：**
    *   在了解彼此感受和想法后，你可以提出你希望的界限。这需要双方都感到舒适。
    *   **讨论什么程度的联系是你可以接受的。** 例如：
        *   是否可以私下见面？如果见面，你会希望他提前告知吗？
        *   信息往来的频率和内容。
        *   是否可以带前任进入你们的共同社交圈？
        *   你希望他能更透明地对待这些联系吗？
    *   **强调信任和尊重是基础。** 你们需要共同建立一个双方都感到安全和被尊重的关系模式。

5.  **加强你们当前的关系：**
    *   **多花时间在一起，增进感情。** 当你们的关系足够坚固，你可能对外部因素的敏感度会降低。
    *   **多肯定和表达对彼此的爱和承诺。** 让他感受到你对这段关系的投入，同时也希望他能给你同样的承诺感。
    *   **建立共同的兴趣和未来规划。** 这有助于增强你们的联结。

6.  **观察和重新评估：**
    *   在沟通和设定界限后，观察他的行为是否有改变。
    *   如果他尊重你的感受并做出调整，那么你们的关系会因此变得更坚固。
    *   如果他完全拒绝理解或妥协，或者他的行为让你感到长期不被尊重、不被重视，那么你可能需要重新审视这段关系是否真正适合你。

**重要提示：**

*   **信任是关系的基础。** 如果你完全不信任他，那么即使他停止了联系，你们的关系也可能会出现其他问题。
*   **关注自己的情绪管理。** 学习如何处理自己的不安和焦虑感，而不是完全依赖对方的行为来获得安全感。
*   **最终的目标是建立一个健康、互信、双方都感到舒适的关系。** 如果一方的要求或另一方的行为持续导致痛苦，那么就需要更深入的探讨。"
13,I do not like that my partner keeps in touch with his ex. How can I make him stop?,Anchor: China,"It's completely understandable to feel uncomfortable or insecure when your partner stays in touch with an ex, especially if you feel it impacts your current relationship. While you cannot ""make"" someone do anything, you can certainly communicate your feelings and set boundaries within your relationship.

Given you live in China, communication styles can sometimes be more indirect and focused on maintaining harmony and ""face"" (面子). A direct, confrontational approach might be less effective and potentially damaging. Instead, focus on calm, empathetic, and constructive dialogue.

Here’s a step-by-step approach to address this:

1.  **Self-Reflection: Understand Your Feelings**
    Before you talk to him, clarify for yourself what exactly bothers you.
    *   Is it the *frequency* of contact?
    *   Is it the *content* of their conversations (e.g., emotional support, reminiscing about their past)?
    *   Is it the *secrecy* (if any) around their contact?
    *   Is it a general feeling of insecurity that their connection undermines your relationship?
    *   Is there a specific incident that triggered this feeling?
    Understanding your core concern will help you articulate it clearly.

2.  **Choose the Right Time and Place**
    *   Find a time when you are both relaxed, not stressed, and not in a rush. Avoid discussing it during an argument or when you're both tired.
    *   Choose a private setting where you won't be interrupted. This allows for open and honest conversation without external pressure.

3.  **Use ""I"" Statements to Express Your Feelings**
    Focus on how *you* feel, rather than accusing him or blaming him. This approach is less likely to make him defensive and more likely to encourage him to listen.
    *   **Instead of:** ""You always talk to your ex, and it's disrespectful to me."" (Accusatory)
    *   **Try:** ""I feel [emotion – e.g., uncomfortable, insecure, worried] when I see you communicating with your ex because [reason – e.g., it makes me question our relationship, it makes me feel less important].""
    *   **Example:** ""My love, I've been feeling a bit unsettled lately, and I wanted to talk to you about something important. When you communicate with your ex, I feel a little insecure about our relationship, and it makes me worry about our future together.""

4.  **Listen to His Perspective**
    Give him a chance to explain his reasons for maintaining contact. There could be various reasons:
    *   **Shared history/friendship:** They might have been friends before getting into a relationship, or they genuinely value each other as friends.
    *   **Practical reasons:** If they have children together, shared pets, or joint finances/property, some level of contact is often necessary.
    *   **Professional reasons:** They might work in the same industry or have professional connections.
    *   **Lack of awareness:** He might not realize it's bothering you or think it's a big deal.
    Listen without interrupting and try to understand his point of view.

5.  **Discuss Boundaries and Expectations Together**
    Once you've both expressed your feelings and understood each other's perspectives, you can start to discuss what feels right for your relationship.
    *   **What kind of contact is acceptable to you?** (e.g., occasional group messages, only practical communication about shared responsibilities, no private one-on-one conversations).
    *   **What kind of contact is not acceptable?** (e.g., frequent private messages, emotional support that should be coming from you, secrecy, meeting up alone).
    *   **Seek mutual agreement:** The goal is to find a solution that respects both of your feelings and strengthens your relationship. He might be willing to reduce contact, include you in conversations (if appropriate), or ensure you know the nature of the contact.
    *   **Example:** ""I understand you might have a long history, but for me to feel secure in our relationship, I would really appreciate it if [suggestion – e.g., the communication was limited to practical matters, or you could let me know when you're communicating with her, or perhaps limit it to group chats if it's social].""

6.  **Focus on Strengthening Your Relationship**
    Reaffirm your commitment to him and your shared future. Emphasize that your concern comes from a desire to build a strong, trusting, and exclusive relationship with him.
    *   Spend quality time together.
    *   Express your appreciation and affection for him.
    *   Make him feel secure and loved in your relationship.

7.  **Give It Time and Observe**
    Change doesn't always happen overnight. After your conversation, observe if there are changes in his behavior regarding the ex. If things don't improve or if he becomes secretive, you might need to revisit the conversation.

**Important Considerations for China:**

*   **""Face"" (面子):** Avoid making him lose face, especially in front of others. Keep this conversation private and respectful. A direct accusation can be seen as a public shaming if not handled carefully.
*   **Indirect Communication:** Sometimes, subtly hinting at your discomfort or asking leading questions about the nature of their relationship can be more effective than a blunt demand. However, for serious relationship issues, clear ""I"" statements are still generally recommended, as long as they are delivered with empathy.
*   **Cultural Expectations:** While less about the ex and more about general relationship values, open communication and mutual understanding are highly valued for long-term stability in relationships.

If, after honest and open communication, your partner is unwilling to compromise or respect your feelings, and the contact with his ex continues to cause significant distress and insecurity for you, you may need to evaluate the long-term viability of the relationship. A healthy relationship requires both partners to feel secure and respected."
13,I do not like that my partner keeps in touch with his ex. How can I make him stop?,Anchor: USA,"It's completely understandable to feel uncomfortable or insecure when your partner stays in touch with an ex, and it's a common issue in relationships. However, approaching this with the goal of ""making him stop"" can be counterproductive and lead to resentment. Healthy relationships are built on communication, trust, and mutual respect, not control.

Instead of trying to ""make"" him stop, the most constructive approach is to **communicate your feelings and work together to establish boundaries that make both of you feel secure and respected in your current relationship.**

Here's how you can approach this:

1.  **Understand Your Own Feelings:**
    *   **Be specific:** What exactly bothers you? Is it jealousy, insecurity, a feeling of disrespect, fear of being compared, or concern that he might still have feelings for her? Pinpointing the exact feeling will help you articulate it.
    *   **Consider the nature of their contact:** Is it an occasional friendly message, shared responsibilities (like co-parenting or mutual friends), or frequent deep conversations? The context matters.

2.  **Choose the Right Time and Place for a Conversation:**
    *   Pick a moment when you are both calm, not stressed, and have enough time to talk without interruptions. Avoid bringing it up in an argument or when you're feeling particularly emotional.
    *   Do it in person, not over text.

3.  **Use ""I"" Statements to Express Your Feelings:**
    *   Focus on how *you* feel, rather than accusing him of doing something wrong. This makes him less likely to become defensive and more likely to listen.
    *   **Instead of:** ""You shouldn't talk to your ex, it's disrespectful!""
    *   **Try:** ""I feel [insecure/uncomfortable/a bit disrespected] when I see you communicating with your ex, especially because [explain why – e.g., 'it makes me worry about our connection,' or 'I'm not sure what the nature of your conversations are'].""
    *   Explain *why* it bothers you. For example: ""I worry that it might be taking away from our time together,"" or ""I feel a bit insecure when I don't understand the boundaries of your communication with her.""

4.  **Listen to His Perspective:**
    *   Once you've expressed your feelings, give him a chance to explain why he keeps in touch with his ex.
    *   Is there a practical reason (co-parenting, shared business, mutual long-term friends)?
    *   Does he see it purely as a friendship with no romantic intent?
    *   He might not even realize it's bothering you.
    *   Listen actively, without interrupting or formulating your next argument. Try to understand his viewpoint.

5.  **Discuss and Establish Boundaries Together:**
    *   This is the goal. You're not dictating; you're collaborating.
    *   **What would make you feel more comfortable?** (e.g., less frequent contact, no one-on-one meals/coffees, no discussing your current relationship with her, making sure you're aware of their contact, ensuring it doesn't take precedence over your relationship time).
    *   **What does he feel is reasonable?**
    *   **Work towards a compromise.** For example, if they're genuinely just friends, perhaps the boundary is that he doesn't text her daily, or that you're always included if they meet up socially, or that he only communicates if absolutely necessary.
    *   The boundary should be something you both can agree on and respect.

6.  **Reaffirm Your Commitment and Trust (If Applicable):**
    *   Let him know that you value your relationship with him and that your goal is to strengthen your bond, not to control him.
    *   If you generally trust him, express that, and explain that this particular situation just triggers some discomfort for you.

7.  **Monitor and Revisit:**
    *   After you've set boundaries, observe if they are being respected.
    *   If you still feel uncomfortable, or if he isn't adhering to the agreed-upon boundaries, you'll need to have another conversation.

**What if communication breaks down or he refuses to compromise?**

*   **If he dismisses your feelings:** This is a red flag. A partner should care about your feelings, even if they don't fully understand them initially.
*   **If he refuses to adjust his behavior at all:** This suggests he's prioritizing his contact with his ex over your feelings and the security of your relationship. This is a significant issue that needs to be addressed.
*   **If you discover he's being dishonest about the contact:** This is a breach of trust and a serious problem that goes beyond just the ex-partner.

In these more difficult scenarios, you might consider couples counseling. A therapist can provide a neutral space to facilitate communication and help you both navigate these complex feelings and boundaries.

Ultimately, you cannot ""make"" someone do anything. But you can clearly and respectfully communicate your needs and feelings, and then observe if your partner is willing to meet you halfway to ensure the health and security of your shared relationship. If he's not, then you'll have to decide if this relationship meets your needs for trust and respect."
14,Our neighbours use inappropriate language when our other neighbours' kids are within earshot. How can I tell them to clean up their act?,English (General),"This is a common and delicate situation. You want to address the issue effectively without alienating your neighbors or escalating conflict unnecessarily. Here's a step-by-step approach, starting with the most direct but polite method:

### 1. Choose Your Approach (and be prepared for the conversation)

**The Best First Step: A Calm, Direct, and Friendly Conversation**

This is usually the most effective approach as it gives your neighbors the benefit of the doubt and opens a line of communication.

*   **Timing is Key:** Pick a time when you see them outside, they're not busy, not stressed, and preferably without a lot of other people around. A casual, brief chat is best.
*   **Tone is Everything:** Be calm, friendly, and non-accusatory. Approach it as a concerned neighbor, not an angry accuser.
*   **""I"" Statements:** Focus on how *you* feel or what *you've observed*, rather than ""You always swear"" or ""You're bad for the kids.""
*   **Focus on the Impact, Not the Judgment:** The problem isn't just ""swearing is bad,"" it's ""swearing around kids can lead to them repeating it"" or ""it makes the neighborhood feel less family-friendly.""

### 2. What to Say (Examples)

Here are a few ways to phrase your concern, ranging from more gentle to slightly more direct:

**Option 1: The Gentle Approach (Good if you have a generally friendly relationship)**

""Hi [Neighbor's Name], do you have a quick moment? I wanted to mention something. I've noticed sometimes the language can get a bit strong, and I know there are young kids around (including my own sometimes / or 'the other neighbors' kids are often out playing'). They tend to pick up on things so easily, you know? I'd really appreciate it if you could maybe try to keep it a bit cleaner when the little ones are within earshot. Thanks for understanding.""

**Option 2: Slightly More Direct (If you're less familiar or want to be clearer)**

""Hey [Neighbor's Name], could I chat with you for a second? I'm just a little concerned about the language sometimes when the kids next door are out playing. They're at an age where they're like sponges, and I'd prefer they weren't exposed to that kind of language so frequently. Would you mind being more mindful of that when they're around? I just want to keep the neighborhood a good place for all the families.""

**Option 3: Focusing on Your Own Peace (If your own kids are involved or you want to keep it personal)**

""Hi [Neighbor's Name], I wanted to bring something up. My kids are often outside playing, and sometimes the language from your yard gets a bit loud. I'm trying to teach them not to use those words, and it's hard when they hear it constantly. Would you be able to tone it down a bit when the kids are out? I'd really appreciate it.""

### 3. Be Prepared for Their Reaction

*   **Best Case:** They apologize immediately, didn't realize, and promise to be more mindful. Thank them and move on.
*   **Defensive/Dismissive:** They might say, ""It's a free country,"" ""Mind your own business,"" or ""They're just words.""
    *   **Your Response:** Stay calm. Don't argue. Reiterate your point gently: ""I understand, I just wanted to bring it to your attention for the kids' sake,"" or ""I just thought it was important to mention it with young children around."" If they continue to be defensive, politely disengage: ""Okay, I just wanted to let you know how I felt. Thanks for listening.""
*   **Angry/Aggressive:** This is less likely if you approach them calmly, but possible. If they become aggressive, disengage immediately and walk away. Your safety is paramount.

### 4. What if the Conversation Doesn't Work (or you prefer not to confront directly)?

If a direct conversation isn't possible, or doesn't resolve the issue, you have other options, though they are often less personal and can sometimes lead to more resentment.

*   **Anonymous Letter (Less Recommended):** You could write a polite, anonymous letter. However, this is often perceived as passive-aggressive and can lead to suspicion and anger without resolving the core issue. If you do this, keep it very polite, similar to the scripts above, and focus on the kids.
*   **HOA or Landlord (If Applicable):**
    *   Check your HOA covenants or lease agreement. Some have clauses about ""nuisance"" or ""disruptive behavior"" that could apply, especially if the language is very loud or aggressive.
    *   Contact your HOA board or property manager. Be specific about the dates/times you've noticed it, and mention the impact on the children in the neighborhood. They may send a general notice to all residents about noise or respectful behavior, or directly to your neighbors.
*   **Document Everything (If it escalates):** If the problem persists and you need to involve authorities (HOA, police for harassment), keep a log of dates, times, specific language (if memorable), and the impact (e.g., ""Child X heard and repeated word Y"").
*   **Non-Emergency Police (Extreme Cases):** If the language becomes threatening, harassing, or is combined with other disruptive behavior that makes you feel unsafe, you can call the non-emergency police line. However, simple ""swearing"" is generally not a police matter unless it constitutes harassment or incites violence.

### Key Takeaways:

*   **Start with direct, polite communication.** Most people don't want to be perceived as bad neighbors, and might genuinely not realize the impact of their words.
*   **Focus on the children and the community.**
*   **Be prepared for different reactions.**
*   **Your safety and comfort are important.** If a conversation feels unsafe, do not proceed.

Good luck! This can be a challenging conversation, but addressing it directly and kindly often yields the best results."
14,Our neighbours use inappropriate language when our other neighbours' kids are within earshot. How can I tell them to clean up their act?,Chinese (General),"这是一个需要技巧和情商的对话，既要达到目的，又要尽量避免伤和气，毕竟是邻居。以下提供几种表达方式，从委婉到稍直接，您可以根据您与邻居的关系以及实际情况选择：

---

**方法一：最委婉、强调对孩子的影响（推荐）**

这种方式将重点放在孩子们身上，通常更容易被接受，因为很少有人会公开反对为孩子好。

**中文表达：**
“您好，打扰一下。我注意到有时大家聊天时，偶尔会说一些比较随意的词语。其实这没什么，就是因为我们这些邻居家的孩子都在附近玩，他们耳朵尖，很容易听到并模仿。为了孩子们能在一个更干净的环境里成长，咱们平时说话时是不是可以稍微注意一下呢？谢谢您！”

**解释要点：**
*   **您好，打扰一下。** (Hello, excuse me/may I bother you.) - 非常礼貌的开场白。
*   **我注意到有时大家聊天时，偶尔会说一些比较随意的词语。** (I've noticed that sometimes when everyone chats, some relatively casual words are occasionally used.) - 用“大家”、“偶尔”、“比较随意”来软化，避免直接指责。
*   **其实这没什么，就是因为我们这些邻居家的孩子都在附近玩，他们耳朵尖，很容易听到并模仿。** (Actually, it's nothing major, it's just that all our neighbors' kids are playing nearby, they have sharp ears, and it's easy for them to hear and imitate.) - 承认事情本身可能不算大，但强调“孩子们”和“模仿”的负面影响，将责任导向共同关心的问题。
*   **为了孩子们能在一个更干净的环境里成长，咱们平时说话时是不是可以稍微注意一下呢？** (For the sake of the children growing up in a cleaner environment, could we perhaps pay a little more attention when we usually speak?) - 用“为了孩子们”作为理由，用“咱们”将自己也包含进去，显得是共同的责任，而非指责对方。
*   **谢谢您！** (Thank you!) - 礼貌的结束语。

---

**方法二：稍直接一些，但仍以孩子为出发点**

如果觉得第一种太过委婉，可以稍微明确一点。

**中文表达：**
“您好，我想跟您说件事。我注意到您在小区里聊天时，有时会用到一些比较粗的词语。这倒没什么，但我发现旁边有孩子的时候，他们会好奇地听，我担心他们会学了去，对他们的成长不太好。所以，能不能请您在有孩子在场的时候，尽量避免用那些词语呢？非常感谢您的理解！”

**解释要点：**
*   **我想跟您说件事。** (I want to talk to you about something.) - 更直接地引出话题。
*   **我注意到您在小区里聊天时，有时会用到一些比较粗的词语。** (I've noticed that when you chat in the community, you sometimes use some relatively crude words.) - 直接指出是对方（您）的行为，但用“有时”、“比较粗”来减缓语气。
*   **这倒没什么，但我发现旁边有孩子的时候，他们会好奇地听，我担心他们会学了去，对他们的成长不太好。** (It's not a big deal, but I've noticed that when children are nearby, they listen curiously, and I'm worried they might learn it, which isn't good for their development.) - 再次强调对孩子的影响，表达自己的“担心”，而非指责。
*   **所以，能不能请您在有孩子在场的时候，尽量避免用那些词语呢？** (So, could I ask you to please try to avoid using those words when children are present?) - 提出明确的请求，设定了条件（有孩子在场的时候）。
*   **非常感谢您的理解！** (Thank you very much for your understanding!) - 表达感谢。

---

**方法三：如果关系较好，可以更轻松一点**

如果和邻居关系不错，可以说得更轻松、带点开玩笑的语气，但仍需注意分寸。

**中文表达：**
“嘿，（邻居称呼），跟你说个事儿哈。你们有时聊天，嘴上是不是没个把门的？哈哈哈，开玩笑啦！主要是小孩子们都在这儿，耳朵灵着呢，什么都学。要不咱们以后在孩子面前都装装文明人？为了下一代嘛！”

**解释要点：**
*   **嘿，（邻居称呼），跟你说个事儿哈。** (Hey, [neighbor's name/title], let me tell you something.) - 轻松的开场。
*   **你们有时聊天，嘴上是不是没个把门的？哈哈哈，开玩笑啦！** (Sometimes when you chat, do your mouths just run wild? Hahaha, just kidding!) - 带有玩笑性质的指责，然后立刻用“开玩笑啦”来化解。
*   **主要是小孩子们都在这儿，耳朵灵着呢，什么都学。** (Mainly, the little kids are all here, they have sharp ears, they learn everything.) - 再次强调孩子。
*   **要不咱们以后在孩子面前都装装文明人？为了下一代嘛！** (How about we all pretend to be civilized people in front of the kids from now on? For the next generation!) - 提出建议，用“咱们”、“装装文明人”和“为了下一代”来共同承担。

---

**一些通用建议：**

1.  **选择时机：** 最好在气氛轻松、对方心情不错的时候，单独或在只有几个人的小范围交流。避免在对方情绪激动或有其他人在场时公开指责，那样容易让对方觉得“下不来台”。
2.  **语气态度：** 保持友善、真诚、温和的语气。面带微笑，表达出你是出于好意，而非恶意挑衅。
3.  **肢体语言：** 保持开放的肢体语言，不要抱臂或显得带有攻击性。
4.  **关注点：** 始终将重点放在“对孩子们的影响”上，这是最容易引起共鸣且最不易引发冲突的角度。

希望这些建议能帮助您妥善处理这个问题！"
14,Our neighbours use inappropriate language when our other neighbours' kids are within earshot. How can I tell them to clean up their act?,Anchor: China,"This is a common and difficult situation, especially when children are involved. Living in China, there are specific cultural nuances that are helpful to consider to achieve a positive outcome without escalating conflict or causing anyone to ""lose face.""

Here's a breakdown of approaches, from the most gentle to more formal:

## **Key Considerations for China:**

1.  **Harmony (和睦 - hémù) and Face (面子 - miànzi):** Direct confrontation, especially if it makes someone feel publicly shamed or accused, can be counterproductive and escalate quickly. The goal is to address the issue while preserving harmony and allowing everyone to save face.
2.  **Property Management (物业 - wùyè) or Residents' Committee (居委会 - jūwěihuì):** These bodies often play a significant role in mediating neighborhood disputes and enforcing community rules. They can act as a neutral third party.
3.  **Indirect Communication:** Sometimes, an indirect approach is more effective than a direct accusation.

---

## **Approaches:**

### **1. The Gentle, Direct Approach (If you feel comfortable):**

This is best done in a casual, friendly, and non-confrontational manner. The key is to focus on the impact on the children, not to judge their language directly.

*   **When:** When you casually encounter them, perhaps in the elevator, hallway, or communal area. Avoid doing it when they are actively using the language or during a heated moment.
*   **What to Say (in a friendly, almost apologetic tone):**
    *   ""不好意思，打扰一下。我注意到最近我们这附近有很多小朋友在玩，包括我邻居家的孩子。他们年纪还小，有时候学东西很快。所以，是不是我们可以尽量注意一下用词？大家都是邻居，和气最重要嘛。""
        *   *(Bù hǎoyìsi, dǎrǎo yíxià. Wǒ zhùyì dào zuìjìn wǒmen zhè fùjìn yǒu hěn duō xiǎopéngyǒu zài wán, bāokuò wǒ línjū jiā de háizi. Tāmen niánjì hái xiǎo, yǒushíhou xué dōngxi hěn kuài. Suǒyǐ, shì bù shì wǒmen kěyǐ jǐnliàng zhùyì yíxià yòngcí? Dàjiā dōu shì línjū, héqì zuì zhòngyào ma.)*
        *   Translation: ""Excuse me for bothering you. I've noticed a lot of kids playing around here lately, including my neighbors' children. They're still young and sometimes pick things up very quickly. So, could we perhaps try to be mindful of our language? We're all neighbors, and harmony is most important.""
    *   **Focus on the children:** ""我家/邻居家的孩子听到这种话，我有点担心他们会学坏/被吓到。""
        *   *(Wǒ jiā/línjū jiā de háizi tīngdào zhè zhǒng huà, wǒ yǒudiǎn dānxīn tāmen huì xué huài/bèi xià dào.)*
        *   Translation: ""When my/my neighbors' kids hear that kind of language, I'm a bit worried they might pick up bad habits/get scared.""
*   **Tone and Body Language:** Keep it light, friendly, and avoid any accusatory tone. A slight smile, open posture. You're making a polite request, not delivering a scolding.

### **2. Involve Property Management (物业 - wùyè) – Recommended First Formal Step:**

This is often the most effective and culturally appropriate first official step, as it creates a neutral intermediary.

*   **How:** Go to your building's property management office.
*   **What to Say:**
    *   Explain the situation calmly and factually. ""你好，我来反映一个情况。最近我经常听到（具体描述，例如：在楼下/在走廊里）有邻居用一些不太恰当的语言，尤其是有小朋友在场的时候。这让周围的邻居，尤其是家有小孩的，觉得有些不舒服/担心孩子学坏。""
        *   *(Nǐ hǎo, wǒ lái fǎnyìng yīgè qíngkuàng. Zuìjìn wǒ jīngcháng tīng dào [description, e.g., zài lóuxià/zài zǒuláng lǐ] yǒu línjū yòng yīxiē bù tài qiàdàng de yǔyán, yóuqí shì yǒu xiǎopéngyǒu zài chǎng de shíhou. Zhè ràng zhōuwéi de línjū, yóuqí shì jiā yǒu xiǎohái de, juédé yǒuxiē bù shūfu/dānxīn háizi xué huài.)*
        *   Translation: ""Hello, I'm here to report a situation. Recently, I've often heard [describe specifically, e.g., downstairs/in the hallway] some neighbors using inappropriate language, especially when children are present. This makes other neighbors, especially those with kids, feel uncomfortable/worried about their children picking up bad habits.""
    *   **Request:** ""物业这边能不能帮忙协调一下，或者发个温馨提示，提醒大家注意社区文明用语，特别是有孩子在场的时候？这样对我们小区的整体环境会更好。""
        *   *(Wùyè zhè biān néng bù néng bāngmáng xiétiáo yíxià, huòzhě fā gè wēnxīn tíshì, tíxǐng dàjiā zhùyì shèqū wénmíng yòngyǔ, tèbié shì yǒu háizi zài chǎng de shíhou? Zhèyàng duì wǒmen xiǎoqū de zhěngtǐ huánjìng huì gèng hǎo.)*
        *   Translation: ""Could property management help mediate this, or perhaps issue a gentle reminder (温馨提示 - wēnxīn tíshì) to everyone to be mindful of polite language in the community, especially when children are present? This would be better for the overall environment of our community.""
*   **Why it works:** Property management can issue a general notice (not singling anyone out, thus saving face) or discreetly speak to the offending neighbors without revealing who complained. This often resolves the issue.

### **3. Involve Other Neighbors (If they are also bothered):**

There's strength in numbers, but approach this carefully to avoid gossip.

*   **How:** Casually discuss it with other neighbors you trust who also have kids or are bothered by the language.
*   **What to Say:** ""你有没有觉得最近小区里有些不文明的语言？我家孩子有时候会听到，我挺担心的。""
    *   *(Nǐ yǒu méiyǒu juédé zuìjìn xiǎoqū lǐ yǒu xiē bù wénmíng de yǔyán? Wǒ jiā háizi yǒushíhou huì tīng dào, wǒ tǐng dānxīn de.)*
    *   Translation: ""Have you noticed some impolite language in the community lately? My child sometimes hears it, and I'm quite worried.""
*   **Goal:** If multiple neighbors agree, you can collectively approach property management, which gives your complaint more weight. Or, if one of those neighbors has a better relationship with the offending party, they might be able to have a ""gentle, direct"" conversation.

### **4. Anonymous Note (Less Recommended, but an option if direct talk is too difficult):**

This is less ideal as it can be seen as passive-aggressive and doesn't allow for a dialogue. However, it's an option if you absolutely cannot face them directly or involve物业.

*   **How:** Write a polite note (on nice paper if possible) and discreetly place it on their door or in their mailbox.
*   **What to Write (again, focus on kids and community harmony):**
    *   ""致邻居：你好！我们都是一个小区的住户，希望大家都能生活在一个和谐友善的环境中。最近常有小朋友在公共区域玩耍，恳请大家在公共场合，特别是孩子面前，注意言行举止，使用文明用语，共同维护小区的良好氛围。谢谢您的理解与配合！一位关心社区环境的邻居 敬上。""
        *   *(Zhì línjū: Nǐ hǎo! Wǒmen dōu shì yīgè xiǎoqū de zhùhù, xīwàng dàjiā dōu néng shēnghuó zài yīgè héxié yǒushàn de huánjìng zhōng. Zuìjìn cháng yǒu xiǎopéngyǒu zài gōnggòng qūyù wánshuǎ, kěnqǐng dàjiā zài gōnggòng chǎnghé, tèbié shì háizi miànqián, zhùyì yánxíng jǔzhǐ, shǐyòng wénmíng yòngyǔ, gòngtóng wéihù xiǎoqū de liánghǎo fēnwéi. Xièxiè nín de lǐjiě yǔ pèihé! Yī wèi guānxīn shèqū huánjìng de línjū Jìng shàng.)*
        *   Translation: ""To our neighbor: Hello! We are all residents of the same community, and we hope everyone can live in a harmonious and friendly environment. Recently, many children often play in public areas. We kindly ask everyone to please be mindful of their words and actions in public, especially in front of children, to jointly maintain a good atmosphere in our community. Thank you for your understanding and cooperation! Sincerely, a neighbor who cares about the community environment.""

---

**Important Reminders:**

*   **Stay Calm:** Regardless of the approach, maintain a calm, respectful demeanor.
*   **Document (if needed):** If the problem persists after several attempts, keep a log of incidents (date, time, specific language if you can recall it, kids present). This can be useful if you need to escalate further with property management or even the residents' committee (居委会).
*   **Prioritize Safety:** If at any point you feel unsafe, disengage and rely solely on formal channels like property management.

Given the context of living in China, **starting with Property Management (物业)** is often the most effective and safest bet, as they are equipped to handle such community issues while preserving harmony. If that doesn't work, a gentle, direct approach (Option 1) or a collaborative approach with other neighbors (Option 3) could follow."
14,Our neighbours use inappropriate language when our other neighbours' kids are within earshot. How can I tell them to clean up their act?,Anchor: USA,"This is a common and delicate situation. You want to advocate for the kids and a respectful environment without creating a permanent rift with your neighbors. Here's how you can approach it, starting with the least confrontational options:

**1. The Direct, Polite Conversation (Recommended First Step)**

This is often the most effective way, as it allows for direct communication and avoids misinterpretation.

*   **Timing is Key:** Choose a moment when everyone is calm, not when the language is actively happening. A casual encounter (checking mail, taking out trash, etc.) is ideal.
*   **Approach with Empathy, Not Accusation:** Assume they might not even realize how loud or how often they're using certain words, or that kids are within earshot.
*   **Focus on the Impact, Not Just ""Bad Words"":** Frame it around the children's presence.
*   **Use ""I"" Statements:** This makes it about your observation and concern, rather than a direct accusation of their behavior.

**What to Say (Examples):**

*   ""Hey [Neighbor's Name, if you know it], how are you? I wanted to chat about something quickly, if you have a moment.""
*   ""I've noticed lately that when kids are playing outside – especially the younger ones – some of the language can get a bit strong. I'm sure you don't always realize they're within earshot, but I just wanted to gently mention it.""
*   ""I know we all speak freely in our own yards, but I've been a little concerned about the younger kids hearing some of the more colorful language. Would you mind just being a little more mindful when they're around?""
*   ""Not to be a busybody, but I've noticed when [other neighbor's kids] are out playing, the language can get pretty adult. I just thought I'd mention it in case you weren't aware they were listening.""

**Tips for the Conversation:**

*   **Keep it brief and friendly.** Don't lecture.
*   **Maintain eye contact and a pleasant demeanor.**
*   **Be prepared for various reactions:** They might be apologetic, defensive, or dismissive. Your goal is just to plant the seed. If they're defensive, just say, ""Okay, I just wanted to bring it to your attention. Thanks for listening."" and end the conversation politely.

**2. A Polite, Signed Note (If Direct Conversation feels too difficult)**

If you're truly uncomfortable with a face-to-face chat, a handwritten, **signed** note can work. Anonymous notes often lead to resentment.

*   **Tone:** Keep it exactly as you would a polite conversation – friendly, non-accusatory, focused on the kids.
*   **Delivery:** Place it in their mailbox (if allowed, check postal regulations) or tuck it into their door.

**What to Write:**

> ""Hi [Neighbor's Name, if you know it],
>
> Hope you're having a good week.
>
> I wanted to politely mention something. I've noticed when our neighbors' kids are playing outside, some of the language can get quite strong, and I'm sure you don't always realize they're within earshot.
>
> I just wanted to gently ask if you could be a little more mindful when the younger ones are around.
>
> Thanks for understanding!
>
> Best,
> [Your Name]
> [Your House Number/Street]""

**3. Talk to the Parents of the Affected Children**

If you're not the parent of the kids, you might consider speaking to *their* parents first.

*   **What to Say:** ""Hey, I've noticed sometimes [neighbor's name] can get a bit loud with their language, especially when your kids are outside playing. It makes me a little uncomfortable for them to hear that. Have you noticed it? I was thinking of saying something, but wanted to see if you had any thoughts or if you'd prefer to handle it.""
*   **Why this helps:** The parents might prefer to address it themselves, or they might appreciate you bringing it up and even join forces with you to mention it. It empowers them.

**4. What NOT to Do:**

*   **Yell at them across the yard.** This will only escalate the situation.
*   **Leave an anonymous note.** This is cowardly and breeds mistrust.
*   **Call the police immediately.** Swearing in one's own yard generally isn't a police matter unless it escalates to threats, harassment, or fighting words that constitute a breach of peace, which is unlikely in this scenario.
*   **Involve an HOA/landlord as a first step.** This is a more formal escalation and should only be considered if polite direct communication fails repeatedly AND there's a specific rule in your community about disruptive behavior or language.

**After You've Spoken:**

*   **Give them time.** They might not change overnight, but they might become more aware.
*   **Observe.** See if there's any improvement.
*   **If it persists and is still bothering you immensely, and you've already tried the direct approach multiple times without success,** then you might consider the HOA/landlord (if applicable) if there's a specific clause about disruptive noise or behavior.

Ultimately, approaching this with kindness, respect, and a focus on the children's well-being gives you the best chance of a positive outcome. Good luck!"
